time,Glucose,Hexokinase,Complex_G_H
0.0,1e-06,3e-06,0
1.0,1e-06,3.0000021e-06,8.99999865e-19
2.0,1e-06,3.0000042e-06,1.79999946e-18
3.0,1e-06,3.00000630001e-06,2.699998785e-18
4.0,1e-06,3.00000840001e-06,3.59999784001e-18
5.0,1e-06,3.00001050002e-06,4.49999662501e-18
6.0,1e-06,3.00001260003e-06,5.39999514003e-18
7.0,1e-06,3.00001470004e-06,6.29999338504e-18
8.0,1e-06,3.00001680005e-06,7.19999136006e-18
9.0,1e-06,3.00001890006e-06,8.09998906509e-18
10.0,1e-06,3.00002100007e-06,8.99998650012e-18
11.0,1e-06,3.00002310009e-06,9.89998366516e-18
12.0,1e-06,3.00002520011e-06,1.07999805602e-17
13.0,1e-06,3.00002730012e-06,1.16999771853e-17
14.0,1e-06,3.00002940014e-06,1.25999735403e-17
15.0,1e-06,3.00003150017e-06,1.34999696254e-17
16.0,1e-06,3.00003360019e-06,1.43999654405e-17
17.0,1e-06,3.00003570021e-06,1.52999609856e-17
18.0,1e-06,3.00003780024e-06,1.61999562607e-17
19.0,1e-06,3.00003990027e-06,1.70999512658e-17
20.0,1e-06,3.00004200029e-06,1.79999460009e-17
21.0,1e-06,3.00004410032e-06,1.88999404661e-17
22.0,1e-06,3.00004620036e-06,1.97999346613e-17
23.0,1e-06,3.00004830039e-06,2.06999285864e-17
24.0,1e-06,3.00005040042e-06,2.15999222416e-17
25.0,1e-06,3.00005250046e-06,2.24999156269e-17
26.0,1e-06,3.0000546005e-06,2.33999087421e-17
27.0,1e-06,3.00005670054e-06,2.42999015873e-17
28.0,1e-06,3.00005880058e-06,2.51998941626e-17
29.0,1e-06,3.00006090062e-06,2.60998864679e-17
30.0,1e-06,3.00006300066e-06,2.69998785032e-17
31.0,1e-06,3.00006510071e-06,2.78998702685e-17
32.0,1e-06,3.00006720075e-06,2.87998617639e-17
33.0,1e-06,3.0000693008e-06,2.96998529893e-17
34.0,1e-06,3.00007140085e-06,3.05998439447e-17
35.0,1e-06,3.0000735009e-06,3.14998346301e-17
36.0,1e-06,3.00007560095e-06,3.23998250455e-17
37.0,1e-06,3.00007770101e-06,3.3299815191e-17
38.0,1e-06,3.00007980106e-06,3.41998050665e-17
39.0,1e-06,3.00008190112e-06,3.5099794672e-17
40.0,1e-06,3.00008400118e-06,3.59997840076e-17
41.0,1e-06,3.00008610124e-06,3.68997730732e-17
42.0,1e-06,3.0000882013e-06,3.77997618688e-17
43.0,1e-06,3.00009030136e-06,3.86997503944e-17
44.0,1e-06,3.00009240142e-06,3.95997386501e-17
45.0,1e-06,3.00009450149e-06,4.04997266358e-17
46.0,1e-06,3.00009660156e-06,4.13997143515e-17
47.0,1e-06,3.00009870162e-06,4.22997017973e-17
48.0,1e-06,3.00010080169e-06,4.31996889731e-17
49.0,1e-06,3.00010290176e-06,4.40996758789e-17
50.0,1e-06,3.00010500184e-06,4.49996625148e-17
51.0,1e-06,3.00010710191e-06,4.58996488807e-17
52.0,1e-06,3.00010920199e-06,4.67996349767e-17
53.0,1e-06,3.00011130206e-06,4.76996208026e-17
54.0,1e-06,3.00011340214e-06,4.85996063587e-17
55.0,1e-06,3.00011550222e-06,4.94995916447e-17
56.0,1e-06,3.0001176023e-06,5.03995766608e-17
57.0,1e-06,3.00011970239e-06,5.12995614069e-17
58.0,1e-06,3.00012180247e-06,5.21995458831e-17
59.0,1e-06,3.00012390256e-06,5.30995300893e-17
60.0,1e-06,3.00012600265e-06,5.39995140256e-17
61.0,1e-06,3.00012810273e-06,5.48994976919e-17
62.0,1e-06,3.00013020283e-06,5.57994810882e-17
63.0,1e-06,3.00013230292e-06,5.66994642146e-17
64.0,1e-06,3.00013440301e-06,5.75994470711e-17
65.0,1e-06,3.00013650311e-06,5.84994296575e-17
66.0,1e-06,3.0001386032e-06,5.93994119741e-17
67.0,1e-06,3.0001407033e-06,6.02993940206e-17
68.0,1e-06,3.0001428034e-06,6.11993757973e-17
69.0,1e-06,3.0001449035e-06,6.20993573039e-17
70.0,1e-06,3.0001470036e-06,6.29993385406e-17
71.0,1e-06,3.00014910371e-06,6.38993195074e-17
72.0,1e-06,3.00015120381e-06,6.47993002042e-17
73.0,1e-06,3.00015330392e-06,6.56992806311e-17
74.0,1e-06,3.00015540402e-06,6.6599260788e-17
75.0,1e-06,3.00015750413e-06,6.7499240675e-17
76.0,1e-06,3.00015960425e-06,6.8399220292e-17
77.0,1e-06,3.00016170436e-06,6.92991996391e-17
78.0,1e-06,3.00016380447e-06,7.01991787162e-17
79.0,1e-06,3.00016590459e-06,7.10991575234e-17
80.0,1e-06,3.0001680047e-06,7.19991360607e-17
81.0,1e-06,3.00017010482e-06,7.2899114328e-17
82.0,1e-06,3.00017220494e-06,7.37990923253e-17
83.0,1e-06,3.00017430506e-06,7.46990700528e-17
84.0,1e-06,3.00017640519e-06,7.55990475102e-17
85.0,1e-06,3.00017850531e-06,7.64990246978e-17
86.0,1e-06,3.00018060544e-06,7.73990016154e-17
87.0,1e-06,3.00018270556e-06,7.8298978263e-17
88.0,1e-06,3.00018480569e-06,7.91989546408e-17
89.0,1e-06,3.00018690582e-06,8.00989307485e-17
90.0,1e-06,3.00018900595e-06,8.09989065864e-17
91.0,1e-06,3.00019110609e-06,8.18988821543e-17
92.0,1e-06,3.00019320622e-06,8.27988574523e-17
93.0,1e-06,3.00019530636e-06,8.36988324803e-17
94.0,1e-06,3.00019740649e-06,8.45988072384e-17
95.0,1e-06,3.00019950663e-06,8.54987817266e-17
96.0,1e-06,3.00020160677e-06,8.63987559448e-17
97.0,1e-06,3.00020370692e-06,8.72987298932e-17
98.0,1e-06,3.00020580706e-06,8.81987035715e-17
99.0,1e-06,3.0002079072e-06,8.909867698e-17
100.0,1e-06,3.00021000735e-06,8.99986501185e-17
101.0,1e-06,3.0002121075e-06,9.08986229871e-17
102.0,1e-06,3.00021420765e-06,9.17985955858e-17
103.0,1e-06,3.0002163078e-06,9.26985679145e-17
104.0,1e-06,3.00021840795e-06,9.35985399733e-17
105.0,1e-06,3.0002205081e-06,9.44985117622e-17
106.0,1e-06,3.00022260826e-06,9.53984832811e-17
107.0,1e-06,3.00022470842e-06,9.62984545302e-17
108.0,1e-06,3.00022680857e-06,9.71984255093e-17
109.0,1e-06,3.00022890873e-06,9.80983962185e-17
110.0,1e-06,3.00023100889e-06,9.89983666577e-17
111.0,1e-06,3.00023310906e-06,9.98983368271e-17
112.0,1e-06,3.00023520922e-06,1.00798306726e-16
113.0,1e-06,3.00023730939e-06,1.01698276356e-16
114.0,1e-06,3.00023940955e-06,1.02598245716e-16
115.0,1e-06,3.00024150972e-06,1.03498214805e-16
116.0,1e-06,3.00024360989e-06,1.04398183625e-16
117.0,1e-06,3.00024571006e-06,1.05298152175e-16
118.0,1e-06,3.00024781023e-06,1.06198120455e-16
119.0,1e-06,3.00024991041e-06,1.07098088465e-16
120.0,1e-06,3.00025201058e-06,1.07998056205e-16
121.0,1e-06,3.00025411076e-06,1.08898023675e-16
122.0,1e-06,3.00025621094e-06,1.09797990875e-16
123.0,1e-06,3.00025831112e-06,1.10697957806e-16
124.0,1e-06,3.0002604113e-06,1.11597924466e-16
125.0,1e-06,3.00026251148e-06,1.12497890856e-16
126.0,1e-06,3.00026461167e-06,1.13397856977e-16
127.0,1e-06,3.00026671186e-06,1.14297822828e-16
128.0,1e-06,3.00026881204e-06,1.15197788409e-16
129.0,1e-06,3.00027091223e-06,1.16097753719e-16
130.0,1e-06,3.00027301242e-06,1.1699771876e-16
131.0,1e-06,3.00027511261e-06,1.17897683531e-16
132.0,1e-06,3.00027721281e-06,1.18797648033e-16
133.0,1e-06,3.000279313e-06,1.19697612264e-16
134.0,1e-06,3.0002814132e-06,1.20597576225e-16
135.0,1e-06,3.0002835134e-06,1.21497539917e-16
136.0,1e-06,3.00028561359e-06,1.22397503338e-16
137.0,1e-06,3.0002877138e-06,1.2329746649e-16
138.0,1e-06,3.000289814e-06,1.24197429371e-16
139.0,1e-06,3.0002919142e-06,1.25097391983e-16
140.0,1e-06,3.00029401441e-06,1.25997354325e-16
141.0,1e-06,3.00029611461e-06,1.26897316397e-16
142.0,1e-06,3.00029821482e-06,1.27797278199e-16
143.0,1e-06,3.00030031503e-06,1.28697239732e-16
144.0,1e-06,3.00030241524e-06,1.29597200994e-16
145.0,1e-06,3.00030451545e-06,1.30497161986e-16
146.0,1e-06,3.00030661567e-06,1.31397122709e-16
147.0,1e-06,3.00030871588e-06,1.32297083161e-16
148.0,1e-06,3.0003108161e-06,1.33197043344e-16
149.0,1e-06,3.00031291632e-06,1.34097003257e-16
150.0,1e-06,3.00031501654e-06,1.349969629e-16
151.0,1e-06,3.00031711676e-06,1.35896922273e-16
152.0,1e-06,3.00031921698e-06,1.36796881376e-16
153.0,1e-06,3.00032131721e-06,1.37696840209e-16
154.0,1e-06,3.00032341743e-06,1.38596798773e-16
155.0,1e-06,3.00032551766e-06,1.39496757066e-16
156.0,1e-06,3.00032761789e-06,1.4039671509e-16
157.0,1e-06,3.00032971812e-06,1.41296672844e-16
158.0,1e-06,3.00033181835e-06,1.42196630327e-16
159.0,1e-06,3.00033391858e-06,1.43096587541e-16
160.0,1e-06,3.00033601882e-06,1.43996544485e-16
161.0,1e-06,3.00033811905e-06,1.4489650116e-16
162.0,1e-06,3.00034021929e-06,1.45796457564e-16
163.0,1e-06,3.00034231953e-06,1.46696413698e-16
164.0,1e-06,3.00034441977e-06,1.47596369563e-16
165.0,1e-06,3.00034652001e-06,1.48496325157e-16
166.0,1e-06,3.00034862025e-06,1.49396280482e-16
167.0,1e-06,3.0003507205e-06,1.50296235537e-16
168.0,1e-06,3.00035282075e-06,1.51196190322e-16
169.0,1e-06,3.00035492099e-06,1.52096144837e-16
170.0,1e-06,3.00035702124e-06,1.52996099082e-16
171.0,1e-06,3.00035912149e-06,1.53896053058e-16
172.0,1e-06,3.00036122175e-06,1.54796006763e-16
173.0,1e-06,3.000363322e-06,1.55695960199e-16
174.0,1e-06,3.00036542225e-06,1.56595913364e-16
175.0,1e-06,3.00036752251e-06,1.5749586626e-16
176.0,1e-06,3.00036962277e-06,1.58395818886e-16
177.0,1e-06,3.00037172303e-06,1.59295771242e-16
178.0,1e-06,3.00037382329e-06,1.60195723328e-16
179.0,1e-06,3.00037592355e-06,1.61095675145e-16
180.0,1e-06,3.00037802382e-06,1.61995626691e-16
181.0,1e-06,3.00038012408e-06,1.62895577968e-16
182.0,1e-06,3.00038222435e-06,1.63795528974e-16
183.0,1e-06,3.00038432462e-06,1.64695479711e-16
184.0,1e-06,3.00038642489e-06,1.65595430178e-16
185.0,1e-06,3.00038852516e-06,1.66495380375e-16
186.0,1e-06,3.00039062543e-06,1.67395330303e-16
187.0,1e-06,3.0003927257e-06,1.6829527996e-16
188.0,1e-06,3.00039482598e-06,1.69195229347e-16
189.0,1e-06,3.00039692626e-06,1.70095178465e-16
190.0,1e-06,3.00039902653e-06,1.70995127313e-16
191.0,1e-06,3.00040112681e-06,1.71895075891e-16
192.0,1e-06,3.0004032271e-06,1.72795024199e-16
193.0,1e-06,3.00040532738e-06,1.73694972237e-16
194.0,1e-06,3.00040742766e-06,1.74594920005e-16
195.0,1e-06,3.00040952795e-06,1.75494867504e-16
196.0,1e-06,3.00041162824e-06,1.76394814732e-16
197.0,1e-06,3.00041372853e-06,1.77294761691e-16
198.0,1e-06,3.00041582882e-06,1.7819470838e-16
199.0,1e-06,3.00041792911e-06,1.79094654799e-16
200.0,1e-06,3.0004200294e-06,1.79994600948e-16
201.0,1e-06,3.0004221297e-06,1.80894546827e-16
202.0,1e-06,3.00042422999e-06,1.81794492437e-16
203.0,1e-06,3.00042633029e-06,1.82694437776e-16
204.0,1e-06,3.00042843059e-06,1.83594382846e-16
205.0,1e-06,3.00043053089e-06,1.84494327646e-16
206.0,1e-06,3.00043263119e-06,1.85394272176e-16
207.0,1e-06,3.0004347315e-06,1.86294216436e-16
208.0,1e-06,3.0004368318e-06,1.87194160426e-16
209.0,1e-06,3.00043893211e-06,1.88094104147e-16
210.0,1e-06,3.00044103242e-06,1.88994047597e-16
211.0,1e-06,3.00044313272e-06,1.89893990778e-16
212.0,1e-06,3.00044523304e-06,1.90793933689e-16
213.0,1e-06,3.00044733335e-06,1.9169387633e-16
214.0,1e-06,3.00044943366e-06,1.92593818701e-16
215.0,1e-06,3.00045153398e-06,1.93493760803e-16
216.0,1e-06,3.00045363429e-06,1.94393702634e-16
217.0,1e-06,3.00045573461e-06,1.95293644196e-16
218.0,1e-06,3.00045783493e-06,1.96193585488e-16
219.0,1e-06,3.00045993525e-06,1.9709352651e-16
220.0,1e-06,3.00046203558e-06,1.97993467262e-16
221.0,1e-06,3.0004641359e-06,1.98893407744e-16
222.0,1e-06,3.00046623623e-06,1.99793347956e-16
223.0,1e-06,3.00046833655e-06,2.00693287899e-16
224.0,1e-06,3.00047043688e-06,2.01593227572e-16
225.0,1e-06,3.00047253721e-06,2.02493166975e-16
226.0,1e-06,3.00047463754e-06,2.03393106108e-16
227.0,1e-06,3.00047673788e-06,2.04293044971e-16
228.0,1e-06,3.00047883821e-06,2.05192983564e-16
229.0,1e-06,3.00048093855e-06,2.06092921888e-16
230.0,1e-06,3.00048303888e-06,2.06992859942e-16
231.0,1e-06,3.00048513922e-06,2.07892797726e-16
232.0,1e-06,3.00048723956e-06,2.0879273524e-16
233.0,1e-06,3.0004893399e-06,2.09692672484e-16
234.0,1e-06,3.00049144025e-06,2.10592609458e-16
235.0,1e-06,3.00049354059e-06,2.11492546163e-16
236.0,1e-06,3.00049564094e-06,2.12392482598e-16
237.0,1e-06,3.00049774129e-06,2.13292418762e-16
238.0,1e-06,3.00049984164e-06,2.14192354657e-16
239.0,1e-06,3.00050194199e-06,2.15092290283e-16
240.0,1e-06,3.00050404234e-06,2.15992225638e-16
241.0,1e-06,3.00050614269e-06,2.16892160724e-16
242.0,1e-06,3.00050824305e-06,2.17792095539e-16
243.0,1e-06,3.0005103434e-06,2.18692030085e-16
244.0,1e-06,3.00051244376e-06,2.19591964361e-16
245.0,1e-06,3.00051454412e-06,2.20491898368e-16
246.0,1e-06,3.00051664448e-06,2.21391832104e-16
247.0,1e-06,3.00051874484e-06,2.22291765571e-16
248.0,1e-06,3.00052084521e-06,2.23191698767e-16
249.0,1e-06,3.00052294557e-06,2.24091631694e-16
250.0,1e-06,3.00052504594e-06,2.24991564351e-16
251.0,1e-06,3.00052714631e-06,2.25891496739e-16
252.0,1e-06,3.00052924668e-06,2.26791428856e-16
253.0,1e-06,3.00053134705e-06,2.27691360704e-16
254.0,1e-06,3.00053344742e-06,2.28591292282e-16
255.0,1e-06,3.0005355478e-06,2.2949122359e-16
256.0,1e-06,3.00053764817e-06,2.30391154628e-16
257.0,1e-06,3.00053974855e-06,2.31291085396e-16
258.0,1e-06,3.00054184893e-06,2.32191015895e-16
259.0,1e-06,3.00054394931e-06,2.33090946124e-16
260.0,1e-06,3.00054604969e-06,2.33990876083e-16
261.0,1e-06,3.00054815007e-06,2.34890805772e-16
262.0,1e-06,3.00055025046e-06,2.35790735191e-16
263.0,1e-06,3.00055235084e-06,2.36690664341e-16
264.0,1e-06,3.00055445123e-06,2.3759059322e-16
265.0,1e-06,3.00055655162e-06,2.3849052183e-16
266.0,1e-06,3.00055865201e-06,2.3939045017e-16
267.0,1e-06,3.0005607524e-06,2.4029037824e-16
268.0,1e-06,3.00056285279e-06,2.41190306041e-16
269.0,1e-06,3.00056495319e-06,2.42090233572e-16
270.0,1e-06,3.00056705358e-06,2.42990160832e-16
271.0,1e-06,3.00056915398e-06,2.43890087823e-16
272.0,1e-06,3.00057125438e-06,2.44790014545e-16
273.0,1e-06,3.00057335478e-06,2.45689940996e-16
274.0,1e-06,3.00057545518e-06,2.46589867178e-16
275.0,1e-06,3.00057755559e-06,2.47489793089e-16
276.0,1e-06,3.00057965599e-06,2.48389718731e-16
277.0,1e-06,3.0005817564e-06,2.49289644103e-16
278.0,1e-06,3.00058385681e-06,2.50189569206e-16
279.0,1e-06,3.00058595722e-06,2.51089494038e-16
280.0,1e-06,3.00058805763e-06,2.51989418601e-16
281.0,1e-06,3.00059015804e-06,2.52889342894e-16
282.0,1e-06,3.00059225845e-06,2.53789266917e-16
283.0,1e-06,3.00059435887e-06,2.54689190671e-16
284.0,1e-06,3.00059645929e-06,2.55589114154e-16
285.0,1e-06,3.0005985597e-06,2.56489037368e-16
286.0,1e-06,3.00060066012e-06,2.57388960312e-16
287.0,1e-06,3.00060276055e-06,2.58288882986e-16
288.0,1e-06,3.00060486097e-06,2.59188805391e-16
289.0,1e-06,3.00060696139e-06,2.60088727525e-16
290.0,1e-06,3.00060906182e-06,2.6098864939e-16
291.0,1e-06,3.00061116224e-06,2.61888570985e-16
292.0,1e-06,3.00061326267e-06,2.6278849231e-16
293.0,1e-06,3.0006153631e-06,2.63688413366e-16
294.0,1e-06,3.00061746353e-06,2.64588334151e-16
295.0,1e-06,3.00061956397e-06,2.65488254667e-16
296.0,1e-06,3.0006216644e-06,2.66388174913e-16
297.0,1e-06,3.00062376484e-06,2.67288094889e-16
298.0,1e-06,3.00062586528e-06,2.68188014596e-16
299.0,1e-06,3.00062796571e-06,2.69087934032e-16
300.0,1e-06,3.00063006615e-06,2.69987853199e-16
301.0,1e-06,3.0006321666e-06,2.70887772096e-16
302.0,1e-06,3.00063426704e-06,2.71787690724e-16
303.0,1e-06,3.00063636748e-06,2.72687609081e-16
304.0,1e-06,3.00063846793e-06,2.73587527169e-16
305.0,1e-06,3.00064056838e-06,2.74487444987e-16
306.0,1e-06,3.00064266883e-06,2.75387362535e-16
307.0,1e-06,3.00064476928e-06,2.76287279814e-16
308.0,1e-06,3.00064686973e-06,2.77187196822e-16
309.0,1e-06,3.00064897018e-06,2.78087113561e-16
310.0,1e-06,3.00065107064e-06,2.7898703003e-16
311.0,1e-06,3.0006531711e-06,2.79886946229e-16
312.0,1e-06,3.00065527155e-06,2.80786862159e-16
313.0,1e-06,3.00065737201e-06,2.81686777819e-16
314.0,1e-06,3.00065947247e-06,2.82586693208e-16
315.0,1e-06,3.00066157294e-06,2.83486608329e-16
316.0,1e-06,3.0006636734e-06,2.84386523179e-16
317.0,1e-06,3.00066577386e-06,2.8528643776e-16
318.0,1e-06,3.00066787433e-06,2.8618635207e-16
319.0,1e-06,3.0006699748e-06,2.87086266112e-16
320.0,1e-06,3.00067207527e-06,2.87986179883e-16
321.0,1e-06,3.00067417574e-06,2.88886093384e-16
322.0,1e-06,3.00067627621e-06,2.89786006616e-16
323.0,1e-06,3.00067837669e-06,2.90685919578e-16
324.0,1e-06,3.00068047716e-06,2.9158583227e-16
325.0,1e-06,3.00068257764e-06,2.92485744693e-16
326.0,1e-06,3.00068467812e-06,2.93385656845e-16
327.0,1e-06,3.0006867786e-06,2.94285568728e-16
328.0,1e-06,3.00068887908e-06,2.95185480341e-16
329.0,1e-06,3.00069097956e-06,2.96085391685e-16
330.0,1e-06,3.00069308005e-06,2.96985302758e-16
331.0,1e-06,3.00069518053e-06,2.97885213562e-16
332.0,1e-06,3.00069728102e-06,2.98785124096e-16
333.0,1e-06,3.00069938151e-06,2.99685034361e-16
334.0,1e-06,3.000701482e-06,3.00584944355e-16
335.0,1e-06,3.00070358249e-06,3.0148485408e-16
336.0,1e-06,3.00070568299e-06,3.02384763535e-16
337.0,1e-06,3.00070778348e-06,3.0328467272e-16
338.0,1e-06,3.00070988398e-06,3.04184581636e-16
339.0,1e-06,3.00071198447e-06,3.05084490281e-16
340.0,1e-06,3.00071408497e-06,3.05984398657e-16
341.0,1e-06,3.00071618547e-06,3.06884306764e-16
342.0,1e-06,3.00071828598e-06,3.077842146e-16
343.0,1e-06,3.00072038648e-06,3.08684122167e-16
344.0,1e-06,3.00072248698e-06,3.09584029464e-16
345.0,1e-06,3.00072458749e-06,3.10483936491e-16
346.0,1e-06,3.000726688e-06,3.11383843248e-16
347.0,1e-06,3.00072878851e-06,3.12283749736e-16
348.0,1e-06,3.00073088902e-06,3.13183655954e-16
349.0,1e-06,3.00073298953e-06,3.14083561902e-16
350.0,1e-06,3.00073509004e-06,3.1498346758e-16
351.0,1e-06,3.00073719056e-06,3.15883372989e-16
352.0,1e-06,3.00073929108e-06,3.16783278128e-16
353.0,1e-06,3.0007413916e-06,3.17683182997e-16
354.0,1e-06,3.00074349211e-06,3.18583087597e-16
355.0,1e-06,3.00074559264e-06,3.19482991926e-16
356.0,1e-06,3.00074769316e-06,3.20382895986e-16
357.0,1e-06,3.00074979368e-06,3.21282799776e-16
358.0,1e-06,3.00075189421e-06,3.22182703297e-16
359.0,1e-06,3.00075399474e-06,3.23082606548e-16
360.0,1e-06,3.00075609526e-06,3.23982509528e-16
361.0,1e-06,3.00075819579e-06,3.2488241224e-16
362.0,1e-06,3.00076029633e-06,3.25782314681e-16
363.0,1e-06,3.00076239686e-06,3.26682216853e-16
364.0,1e-06,3.00076449739e-06,3.27582118755e-16
365.0,1e-06,3.00076659793e-06,3.28482020387e-16
366.0,1e-06,3.00076869847e-06,3.2938192175e-16
367.0,1e-06,3.000770799e-06,3.30281822842e-16
368.0,1e-06,3.00077289955e-06,3.31181723665e-16
369.0,1e-06,3.00077500009e-06,3.32081624219e-16
370.0,1e-06,3.00077710063e-06,3.32981524502e-16
371.0,1e-06,3.00077920117e-06,3.33881424516e-16
372.0,1e-06,3.00078130172e-06,3.3478132426e-16
373.0,1e-06,3.00078340227e-06,3.35681223734e-16
374.0,1e-06,3.00078550282e-06,3.36581122939e-16
375.0,1e-06,3.00078760337e-06,3.37481021874e-16
376.0,1e-06,3.00078970392e-06,3.38380920539e-16
377.0,1e-06,3.00079180447e-06,3.39280818934e-16
378.0,1e-06,3.00079390503e-06,3.4018071706e-16
379.0,1e-06,3.00079600559e-06,3.41080614916e-16
380.0,1e-06,3.00079810614e-06,3.41980512502e-16
381.0,1e-06,3.0008002067e-06,3.42880409818e-16
382.0,1e-06,3.00080230726e-06,3.43780306865e-16
383.0,1e-06,3.00080440783e-06,3.44680203642e-16
384.0,1e-06,3.00080650839e-06,3.45580100149e-16
385.0,1e-06,3.00080860896e-06,3.46479996387e-16
386.0,1e-06,3.00081070952e-06,3.47379892355e-16
387.0,1e-06,3.00081281009e-06,3.48279788053e-16
388.0,1e-06,3.00081491066e-06,3.49179683481e-16
389.0,1e-06,3.00081701123e-06,3.5007957864e-16
390.0,1e-06,3.0008191118e-06,3.50979473529e-16
391.0,1e-06,3.00082121238e-06,3.51879368148e-16
392.0,1e-06,3.00082331295e-06,3.52779262498e-16
393.0,1e-06,3.00082541353e-06,3.53679156577e-16
394.0,1e-06,3.00082751411e-06,3.54579050387e-16
395.0,1e-06,3.00082961469e-06,3.55478943928e-16
396.0,1e-06,3.00083171527e-06,3.56378837198e-16
397.0,1e-06,3.00083381585e-06,3.57278730199e-16
398.0,1e-06,3.00083591644e-06,3.5817862293e-16
399.0,1e-06,3.00083801702e-06,3.59078515392e-16
400.0,1e-06,3.00084011761e-06,3.59978407584e-16
401.0,1e-06,3.0008422182e-06,3.60878299506e-16
402.0,1e-06,3.00084431879e-06,3.61778191158e-16
403.0,1e-06,3.00084641938e-06,3.6267808254e-16
404.0,1e-06,3.00084851998e-06,3.63577973653e-16
405.0,1e-06,3.00085062057e-06,3.64477864497e-16
406.0,1e-06,3.00085272117e-06,3.6537775507e-16
407.0,1e-06,3.00085482176e-06,3.66277645374e-16
408.0,1e-06,3.00085692236e-06,3.67177535408e-16
409.0,1e-06,3.00085902296e-06,3.68077425172e-16
410.0,1e-06,3.00086112357e-06,3.68977314667e-16
411.0,1e-06,3.00086322417e-06,3.69877203892e-16
412.0,1e-06,3.00086532477e-06,3.70777092847e-16
413.0,1e-06,3.00086742538e-06,3.71676981532e-16
414.0,1e-06,3.00086952599e-06,3.72576869948e-16
415.0,1e-06,3.0008716266e-06,3.73476758094e-16
416.0,1e-06,3.00087372721e-06,3.7437664597e-16
417.0,1e-06,3.00087582782e-06,3.75276533577e-16
418.0,1e-06,3.00087792843e-06,3.76176420914e-16
419.0,1e-06,3.00088002905e-06,3.77076307981e-16
420.0,1e-06,3.00088212967e-06,3.77976194779e-16
421.0,1e-06,3.00088423028e-06,3.78876081307e-16
422.0,1e-06,3.0008863309e-06,3.79775967565e-16
423.0,1e-06,3.00088843153e-06,3.80675853553e-16
424.0,1e-06,3.00089053215e-06,3.81575739272e-16
425.0,1e-06,3.00089263277e-06,3.82475624721e-16
426.0,1e-06,3.0008947334e-06,3.83375509901e-16
427.0,1e-06,3.00089683403e-06,3.8427539481e-16
428.0,1e-06,3.00089893465e-06,3.8517527945e-16
429.0,1e-06,3.00090103528e-06,3.8607516382e-16
430.0,1e-06,3.00090313592e-06,3.86975047921e-16
431.0,1e-06,3.00090523655e-06,3.87874931752e-16
432.0,1e-06,3.00090733718e-06,3.88774815313e-16
433.0,1e-06,3.00090943782e-06,3.89674698605e-16
434.0,1e-06,3.00091153846e-06,3.90574581626e-16
435.0,1e-06,3.00091363909e-06,3.91474464378e-16
436.0,1e-06,3.00091573973e-06,3.92374346861e-16
437.0,1e-06,3.00091784038e-06,3.93274229074e-16
438.0,1e-06,3.00091994102e-06,3.94174111017e-16
439.0,1e-06,3.00092204166e-06,3.9507399269e-16
440.0,1e-06,3.00092414231e-06,3.95973874094e-16
441.0,1e-06,3.00092624296e-06,3.96873755228e-16
442.0,1e-06,3.00092834361e-06,3.97773636092e-16
443.0,1e-06,3.00093044426e-06,3.98673516687e-16
444.0,1e-06,3.00093254491e-06,3.99573397011e-16
445.0,1e-06,3.00093464556e-06,4.00473277067e-16
446.0,1e-06,3.00093674622e-06,4.01373156852e-16
447.0,1e-06,3.00093884687e-06,4.02273036368e-16
448.0,1e-06,3.00094094753e-06,4.03172915614e-16
449.0,1e-06,3.00094304819e-06,4.04072794591e-16
450.0,1e-06,3.00094514885e-06,4.04972673298e-16
451.0,1e-06,3.00094724952e-06,4.05872551735e-16
452.0,1e-06,3.00094935018e-06,4.06772429902e-16
453.0,1e-06,3.00095145084e-06,4.076723078e-16
454.0,1e-06,3.00095355151e-06,4.08572185428e-16
455.0,1e-06,3.00095565218e-06,4.09472062787e-16
456.0,1e-06,3.00095775285e-06,4.10371939875e-16
457.0,1e-06,3.00095985352e-06,4.11271816694e-16
458.0,1e-06,3.00096195419e-06,4.12171693244e-16
459.0,1e-06,3.00096405487e-06,4.13071569524e-16
460.0,1e-06,3.00096615554e-06,4.13971445534e-16
461.0,1e-06,3.00096825622e-06,4.14871321274e-16
462.0,1e-06,3.0009703569e-06,4.15771196745e-16
463.0,1e-06,3.00097245758e-06,4.16671071946e-16
464.0,1e-06,3.00097455826e-06,4.17570946877e-16
465.0,1e-06,3.00097665894e-06,4.18470821539e-16
466.0,1e-06,3.00097875963e-06,4.19370695931e-16
467.0,1e-06,3.00098086031e-06,4.20270570053e-16
468.0,1e-06,3.000982961e-06,4.21170443906e-16
469.0,1e-06,3.00098506169e-06,4.22070317489e-16
470.0,1e-06,3.00098716238e-06,4.22970190802e-16
471.0,1e-06,3.00098926307e-06,4.23870063846e-16
472.0,1e-06,3.00099136376e-06,4.2476993662e-16
473.0,1e-06,3.00099346446e-06,4.25669809124e-16
474.0,1e-06,3.00099556516e-06,4.26569681359e-16
475.0,1e-06,3.00099766585e-06,4.27469553324e-16
476.0,1e-06,3.00099976655e-06,4.28369425019e-16
477.0,1e-06,3.00100186725e-06,4.29269296445e-16
478.0,1e-06,3.00100396795e-06,4.30169167601e-16
479.0,1e-06,3.00100606866e-06,4.31069038488e-16
480.0,1e-06,3.00100816936e-06,4.31968909104e-16
481.0,1e-06,3.00101027007e-06,4.32868779451e-16
482.0,1e-06,3.00101237078e-06,4.33768649529e-16
483.0,1e-06,3.00101447149e-06,4.34668519336e-16
484.0,1e-06,3.0010165722e-06,4.35568388875e-16
485.0,1e-06,3.00101867291e-06,4.36468258143e-16
486.0,1e-06,3.00102077362e-06,4.37368127142e-16
487.0,1e-06,3.00102287434e-06,4.38267995871e-16
488.0,1e-06,3.00102497506e-06,4.3916786433e-16
489.0,1e-06,3.00102707577e-06,4.4006773252e-16
490.0,1e-06,3.00102917649e-06,4.4096760044e-16
491.0,1e-06,3.00103127721e-06,4.41867468091e-16
492.0,1e-06,3.00103337794e-06,4.42767335472e-16
493.0,1e-06,3.00103547866e-06,4.43667202583e-16
494.0,1e-06,3.00103757939e-06,4.44567069425e-16
495.0,1e-06,3.00103968011e-06,4.45466935997e-16
496.0,1e-06,3.00104178084e-06,4.46366802299e-16
497.0,1e-06,3.00104388157e-06,4.47266668331e-16
498.0,1e-06,3.0010459823e-06,4.48166534094e-16
499.0,1e-06,3.00104808304e-06,4.49066399588e-16
500.0,1e-06,3.00105018377e-06,4.49966264811e-16
501.0,1e-06,3.00105228451e-06,4.50866129765e-16
502.0,1e-06,3.00105438524e-06,4.5176599445e-16
503.0,1e-06,3.00105648598e-06,4.52665858865e-16
504.0,1e-06,3.00105858672e-06,4.5356572301e-16
505.0,1e-06,3.00106068747e-06,4.54465586885e-16
506.0,1e-06,3.00106278821e-06,4.55365450491e-16
507.0,1e-06,3.00106488895e-06,4.56265313827e-16
508.0,1e-06,3.0010669897e-06,4.57165176894e-16
509.0,1e-06,3.00106909045e-06,4.58065039691e-16
510.0,1e-06,3.0010711912e-06,4.58964902218e-16
511.0,1e-06,3.00107329195e-06,4.59864764476e-16
512.0,1e-06,3.0010753927e-06,4.60764626464e-16
513.0,1e-06,3.00107749345e-06,4.61664488182e-16
514.0,1e-06,3.00107959421e-06,4.62564349631e-16
515.0,1e-06,3.00108169496e-06,4.6346421081e-16
516.0,1e-06,3.00108379572e-06,4.64364071719e-16
517.0,1e-06,3.00108589648e-06,4.65263932359e-16
518.0,1e-06,3.00108799724e-06,4.66163792729e-16
519.0,1e-06,3.001090098e-06,4.6706365283e-16
520.0,1e-06,3.00109219877e-06,4.67963512661e-16
521.0,1e-06,3.00109429953e-06,4.68863372222e-16
522.0,1e-06,3.0010964003e-06,4.69763231514e-16
523.0,1e-06,3.00109850107e-06,4.70663090536e-16
524.0,1e-06,3.00110060184e-06,4.71562949288e-16
525.0,1e-06,3.00110270261e-06,4.72462807771e-16
526.0,1e-06,3.00110480338e-06,4.73362665984e-16
527.0,1e-06,3.00110690416e-06,4.74262523928e-16
528.0,1e-06,3.00110900493e-06,4.75162381602e-16
529.0,1e-06,3.00111110571e-06,4.76062239006e-16
530.0,1e-06,3.00111320649e-06,4.76962096141e-16
531.0,1e-06,3.00111530727e-06,4.77861953006e-16
532.0,1e-06,3.00111740805e-06,4.78761809601e-16
533.0,1e-06,3.00111950883e-06,4.79661665927e-16
534.0,1e-06,3.00112160962e-06,4.80561521983e-16
535.0,1e-06,3.0011237104e-06,4.8146137777e-16
536.0,1e-06,3.00112581119e-06,4.82361233287e-16
537.0,1e-06,3.00112791198e-06,4.83261088534e-16
538.0,1e-06,3.00113001277e-06,4.84160943512e-16
539.0,1e-06,3.00113211356e-06,4.8506079822e-16
540.0,1e-06,3.00113421435e-06,4.85960652658e-16
541.0,1e-06,3.00113631515e-06,4.86860506827e-16
542.0,1e-06,3.00113841594e-06,4.87760360726e-16
543.0,1e-06,3.00114051674e-06,4.88660214356e-16
544.0,1e-06,3.00114261754e-06,4.89560067716e-16
545.0,1e-06,3.00114471834e-06,4.90459920806e-16
546.0,1e-06,3.00114681914e-06,4.91359773627e-16
547.0,1e-06,3.00114891995e-06,4.92259626178e-16
548.0,1e-06,3.00115102075e-06,4.9315947846e-16
549.0,1e-06,3.00115312156e-06,4.94059330472e-16
550.0,1e-06,3.00115522237e-06,4.94959182214e-16
551.0,1e-06,3.00115732318e-06,4.95859033687e-16
552.0,1e-06,3.00115942399e-06,4.9675888489e-16
553.0,1e-06,3.0011615248e-06,4.97658735823e-16
554.0,1e-06,3.00116362561e-06,4.98558586487e-16
555.0,1e-06,3.00116572643e-06,4.99458436881e-16
556.0,1e-06,3.00116782724e-06,5.00358287006e-16
557.0,1e-06,3.00116992806e-06,5.01258136861e-16
558.0,1e-06,3.00117202888e-06,5.02157986447e-16
559.0,1e-06,3.0011741297e-06,5.03057835763e-16
560.0,1e-06,3.00117623053e-06,5.03957684809e-16
561.0,1e-06,3.00117833135e-06,5.04857533586e-16
562.0,1e-06,3.00118043218e-06,5.05757382093e-16
563.0,1e-06,3.001182533e-06,5.0665723033e-16
564.0,1e-06,3.00118463383e-06,5.07557078298e-16
565.0,1e-06,3.00118673466e-06,5.08456925996e-16
566.0,1e-06,3.00118883549e-06,5.09356773425e-16
567.0,1e-06,3.00119093633e-06,5.10256620584e-16
568.0,1e-06,3.00119303716e-06,5.11156467473e-16
569.0,1e-06,3.001195138e-06,5.12056314093e-16
570.0,1e-06,3.00119723883e-06,5.12956160444e-16
571.0,1e-06,3.00119933967e-06,5.13856006524e-16
572.0,1e-06,3.00120144051e-06,5.14755852335e-16
573.0,1e-06,3.00120354135e-06,5.15655697877e-16
574.0,1e-06,3.0012056422e-06,5.16555543149e-16
575.0,1e-06,3.00120774304e-06,5.17455388151e-16
576.0,1e-06,3.00120984389e-06,5.18355232884e-16
577.0,1e-06,3.00121194474e-06,5.19255077347e-16
578.0,1e-06,3.00121404558e-06,5.20154921541e-16
579.0,1e-06,3.00121614644e-06,5.21054765465e-16
580.0,1e-06,3.00121824729e-06,5.21954609119e-16
581.0,1e-06,3.00122034814e-06,5.22854452504e-16
582.0,1e-06,3.001222449e-06,5.23754295619e-16
583.0,1e-06,3.00122454985e-06,5.24654138464e-16
584.0,1e-06,3.00122665071e-06,5.2555398104e-16
585.0,1e-06,3.00122875157e-06,5.26453823347e-16
586.0,1e-06,3.00123085243e-06,5.27353665384e-16
587.0,1e-06,3.00123295329e-06,5.28253507151e-16
588.0,1e-06,3.00123505416e-06,5.29153348649e-16
589.0,1e-06,3.00123715502e-06,5.30053189877e-16
590.0,1e-06,3.00123925589e-06,5.30953030835e-16
591.0,1e-06,3.00124135676e-06,5.31852871524e-16
592.0,1e-06,3.00124345763e-06,5.32752711944e-16
593.0,1e-06,3.0012455585e-06,5.33652552093e-16
594.0,1e-06,3.00124765937e-06,5.34552391974e-16
595.0,1e-06,3.00124976024e-06,5.35452231584e-16
596.0,1e-06,3.00125186112e-06,5.36352070925e-16
597.0,1e-06,3.001253962e-06,5.37251909997e-16
598.0,1e-06,3.00125606288e-06,5.38151748799e-16
599.0,1e-06,3.00125816376e-06,5.39051587331e-16
600.0,1e-06,3.00126026464e-06,5.39951425594e-16
601.0,1e-06,3.00126236552e-06,5.40851263587e-16
602.0,1e-06,3.0012644664e-06,5.41751101311e-16
603.0,1e-06,3.00126656729e-06,5.42650938765e-16
604.0,1e-06,3.00126866818e-06,5.43550775949e-16
605.0,1e-06,3.00127076907e-06,5.44450612864e-16
606.0,1e-06,3.00127286996e-06,5.45350449509e-16
607.0,1e-06,3.00127497085e-06,5.46250285885e-16
608.0,1e-06,3.00127707174e-06,5.47150121991e-16
609.0,1e-06,3.00127917264e-06,5.48049957828e-16
610.0,1e-06,3.00128127353e-06,5.48949793395e-16
611.0,1e-06,3.00128337443e-06,5.49849628692e-16
612.0,1e-06,3.00128547533e-06,5.5074946372e-16
613.0,1e-06,3.00128757623e-06,5.51649298479e-16
614.0,1e-06,3.00128967713e-06,5.52549132967e-16
615.0,1e-06,3.00129177804e-06,5.53448967187e-16
616.0,1e-06,3.00129387894e-06,5.54348801136e-16
617.0,1e-06,3.00129597985e-06,5.55248634816e-16
618.0,1e-06,3.00129808075e-06,5.56148468227e-16
619.0,1e-06,3.00130018166e-06,5.57048301368e-16
620.0,1e-06,3.00130228257e-06,5.57948134239e-16
621.0,1e-06,3.00130438349e-06,5.58847966841e-16
622.0,1e-06,3.0013064844e-06,5.59747799174e-16
623.0,1e-06,3.00130858532e-06,5.60647631236e-16
624.0,1e-06,3.00131068623e-06,5.61547463029e-16
625.0,1e-06,3.00131278715e-06,5.62447294553e-16
626.0,1e-06,3.00131488807e-06,5.63347125807e-16
627.0,1e-06,3.00131698899e-06,5.64246956792e-16
628.0,1e-06,3.00131908991e-06,5.65146787507e-16
629.0,1e-06,3.00132119084e-06,5.66046617952e-16
630.0,1e-06,3.00132329176e-06,5.66946448128e-16
631.0,1e-06,3.00132539269e-06,5.67846278034e-16
632.0,1e-06,3.00132749362e-06,5.68746107671e-16
633.0,1e-06,3.00132959455e-06,5.69645937038e-16
634.0,1e-06,3.00133169548e-06,5.70545766136e-16
635.0,1e-06,3.00133379641e-06,5.71445594964e-16
636.0,1e-06,3.00133589735e-06,5.72345423522e-16
637.0,1e-06,3.00133799828e-06,5.73245251812e-16
638.0,1e-06,3.00134009922e-06,5.74145079831e-16
639.0,1e-06,3.00134220016e-06,5.75044907581e-16
640.0,1e-06,3.0013443011e-06,5.75944735061e-16
641.0,1e-06,3.00134640204e-06,5.76844562272e-16
642.0,1e-06,3.00134850299e-06,5.77744389213e-16
643.0,1e-06,3.00135060393e-06,5.78644215885e-16
644.0,1e-06,3.00135270488e-06,5.79544042287e-16
645.0,1e-06,3.00135480582e-06,5.8044386842e-16
646.0,1e-06,3.00135690677e-06,5.81343694283e-16
647.0,1e-06,3.00135900772e-06,5.82243519877e-16
648.0,1e-06,3.00136110868e-06,5.83143345201e-16
649.0,1e-06,3.00136320963e-06,5.84043170255e-16
650.0,1e-06,3.00136531058e-06,5.8494299504e-16
651.0,1e-06,3.00136741154e-06,5.85842819555e-16
652.0,1e-06,3.0013695125e-06,5.86742643801e-16
653.0,1e-06,3.00137161346e-06,5.87642467778e-16
654.0,1e-06,3.00137371442e-06,5.88542291484e-16
655.0,1e-06,3.00137581538e-06,5.89442114922e-16
656.0,1e-06,3.00137791635e-06,5.90341938089e-16
657.0,1e-06,3.00138001731e-06,5.91241760988e-16
658.0,1e-06,3.00138211828e-06,5.92141583616e-16
659.0,1e-06,3.00138421925e-06,5.93041405975e-16
660.0,1e-06,3.00138632022e-06,5.93941228065e-16
661.0,1e-06,3.00138842119e-06,5.94841049885e-16
662.0,1e-06,3.00139052216e-06,5.95740871436e-16
663.0,1e-06,3.00139262313e-06,5.96640692717e-16
664.0,1e-06,3.00139472411e-06,5.97540513728e-16
665.0,1e-06,3.00139682509e-06,5.9844033447e-16
666.0,1e-06,3.00139892606e-06,5.99340154943e-16
667.0,1e-06,3.00140102704e-06,6.00239975145e-16
668.0,1e-06,3.00140312803e-06,6.01139795079e-16
669.0,1e-06,3.00140522901e-06,6.02039614743e-16
670.0,1e-06,3.00140732999e-06,6.02939434137e-16
671.0,1e-06,3.00140943098e-06,6.03839253262e-16
672.0,1e-06,3.00141153197e-06,6.04739072117e-16
673.0,1e-06,3.00141363296e-06,6.05638890703e-16
674.0,1e-06,3.00141573395e-06,6.06538709019e-16
675.0,1e-06,3.00141783494e-06,6.07438527066e-16
676.0,1e-06,3.00141993593e-06,6.08338344843e-16
677.0,1e-06,3.00142203693e-06,6.09238162351e-16
678.0,1e-06,3.00142413792e-06,6.10137979589e-16
679.0,1e-06,3.00142623892e-06,6.11037796557e-16
680.0,1e-06,3.00142833992e-06,6.11937613257e-16
681.0,1e-06,3.00143044092e-06,6.12837429686e-16
682.0,1e-06,3.00143254192e-06,6.13737245846e-16
683.0,1e-06,3.00143464292e-06,6.14637061737e-16
684.0,1e-06,3.00143674393e-06,6.15536877358e-16
685.0,1e-06,3.00143884494e-06,6.16436692709e-16
686.0,1e-06,3.00144094594e-06,6.17336507792e-16
687.0,1e-06,3.00144304695e-06,6.18236322604e-16
688.0,1e-06,3.00144514796e-06,6.19136137147e-16
689.0,1e-06,3.00144724898e-06,6.20035951421e-16
690.0,1e-06,3.00144934999e-06,6.20935765425e-16
691.0,1e-06,3.00145145101e-06,6.21835579159e-16
692.0,1e-06,3.00145355202e-06,6.22735392624e-16
693.0,1e-06,3.00145565304e-06,6.23635205819e-16
694.0,1e-06,3.00145775406e-06,6.24535018745e-16
695.0,1e-06,3.00145985508e-06,6.25434831402e-16
696.0,1e-06,3.0014619561e-06,6.26334643789e-16
697.0,1e-06,3.00146405713e-06,6.27234455906e-16
698.0,1e-06,3.00146615815e-06,6.28134267754e-16
699.0,1e-06,3.00146825918e-06,6.29034079333e-16
700.0,1e-06,3.00147036021e-06,6.29933890641e-16
701.0,1e-06,3.00147246124e-06,6.30833701681e-16
702.0,1e-06,3.00147456227e-06,6.31733512451e-16
703.0,1e-06,3.0014766633e-06,6.32633322951e-16
704.0,1e-06,3.00147876434e-06,6.33533133182e-16
705.0,1e-06,3.00148086537e-06,6.34432943144e-16
706.0,1e-06,3.00148296641e-06,6.35332752835e-16
707.0,1e-06,3.00148506745e-06,6.36232562258e-16
708.0,1e-06,3.00148716849e-06,6.37132371411e-16
709.0,1e-06,3.00148926953e-06,6.38032180294e-16
710.0,1e-06,3.00149137057e-06,6.38931988908e-16
711.0,1e-06,3.00149347162e-06,6.39831797253e-16
712.0,1e-06,3.00149557267e-06,6.40731605328e-16
713.0,1e-06,3.00149767371e-06,6.41631413133e-16
714.0,1e-06,3.00149977476e-06,6.42531220669e-16
715.0,1e-06,3.00150187581e-06,6.43431027935e-16
716.0,1e-06,3.00150397687e-06,6.44330834932e-16
717.0,1e-06,3.00150607792e-06,6.4523064166e-16
718.0,1e-06,3.00150817897e-06,6.46130448118e-16
719.0,1e-06,3.00151028003e-06,6.47030254306e-16
720.0,1e-06,3.00151238109e-06,6.47930060225e-16
721.0,1e-06,3.00151448215e-06,6.48829865875e-16
722.0,1e-06,3.00151658321e-06,6.49729671255e-16
723.0,1e-06,3.00151868427e-06,6.50629476365e-16
724.0,1e-06,3.00152078533e-06,6.51529281207e-16
725.0,1e-06,3.0015228864e-06,6.52429085778e-16
726.0,1e-06,3.00152498747e-06,6.5332889008e-16
727.0,1e-06,3.00152708853e-06,6.54228694113e-16
728.0,1e-06,3.0015291896e-06,6.55128497876e-16
729.0,1e-06,3.00153129068e-06,6.5602830137e-16
730.0,1e-06,3.00153339175e-06,6.56928104594e-16
731.0,1e-06,3.00153549282e-06,6.57827907548e-16
732.0,1e-06,3.0015375939e-06,6.58727710234e-16
733.0,1e-06,3.00153969497e-06,6.59627512649e-16
734.0,1e-06,3.00154179605e-06,6.60527314796e-16
735.0,1e-06,3.00154389713e-06,6.61427116672e-16
736.0,1e-06,3.00154599821e-06,6.6232691828e-16
737.0,1e-06,3.0015480993e-06,6.63226719617e-16
738.0,1e-06,3.00155020038e-06,6.64126520686e-16
739.0,1e-06,3.00155230147e-06,6.65026321485e-16
740.0,1e-06,3.00155440256e-06,6.65926122014e-16
741.0,1e-06,3.00155650364e-06,6.66825922274e-16
742.0,1e-06,3.00155860473e-06,6.67725722264e-16
743.0,1e-06,3.00156070583e-06,6.68625521985e-16
744.0,1e-06,3.00156280692e-06,6.69525321437e-16
745.0,1e-06,3.00156490801e-06,6.70425120619e-16
746.0,1e-06,3.00156700911e-06,6.71324919531e-16
747.0,1e-06,3.00156911021e-06,6.72224718174e-16
748.0,1e-06,3.00157121131e-06,6.73124516548e-16
749.0,1e-06,3.00157331241e-06,6.74024314652e-16
750.0,1e-06,3.00157541351e-06,6.74924112487e-16
751.0,1e-06,3.00157751461e-06,6.75823910052e-16
752.0,1e-06,3.00157961572e-06,6.76723707348e-16
753.0,1e-06,3.00158171682e-06,6.77623504374e-16
754.0,1e-06,3.00158381793e-06,6.78523301131e-16
755.0,1e-06,3.00158591904e-06,6.79423097618e-16
756.0,1e-06,3.00158802015e-06,6.80322893836e-16
757.0,1e-06,3.00159012127e-06,6.81222689785e-16
758.0,1e-06,3.00159222238e-06,6.82122485464e-16
759.0,1e-06,3.00159432349e-06,6.83022280873e-16
760.0,1e-06,3.00159642461e-06,6.83922076013e-16
761.0,1e-06,3.00159852573e-06,6.84821870884e-16
762.0,1e-06,3.00160062685e-06,6.85721665485e-16
763.0,1e-06,3.00160272797e-06,6.86621459816e-16
764.0,1e-06,3.00160482909e-06,6.87521253879e-16
765.0,1e-06,3.00160693022e-06,6.88421047671e-16
766.0,1e-06,3.00160903134e-06,6.89320841195e-16
767.0,1e-06,3.00161113247e-06,6.90220634448e-16
768.0,1e-06,3.0016132336e-06,6.91120427433e-16
769.0,1e-06,3.00161533473e-06,6.92020220148e-16
770.0,1e-06,3.00161743586e-06,6.92920012593e-16
771.0,1e-06,3.00161953699e-06,6.93819804769e-16
772.0,1e-06,3.00162163813e-06,6.94719596676e-16
773.0,1e-06,3.00162373926e-06,6.95619388313e-16
774.0,1e-06,3.0016258404e-06,6.96519179681e-16
775.0,1e-06,3.00162794154e-06,6.97418970779e-16
776.0,1e-06,3.00163004268e-06,6.98318761608e-16
777.0,1e-06,3.00163214382e-06,6.99218552167e-16
778.0,1e-06,3.00163424496e-06,7.00118342457e-16
779.0,1e-06,3.00163634611e-06,7.01018132477e-16
780.0,1e-06,3.00163844726e-06,7.01917922228e-16
781.0,1e-06,3.0016405484e-06,7.0281771171e-16
782.0,1e-06,3.00164264955e-06,7.03717500922e-16
783.0,1e-06,3.0016447507e-06,7.04617289864e-16
784.0,1e-06,3.00164685185e-06,7.05517078538e-16
785.0,1e-06,3.00164895301e-06,7.06416866941e-16
786.0,1e-06,3.00165105416e-06,7.07316655076e-16
787.0,1e-06,3.00165315532e-06,7.08216442941e-16
788.0,1e-06,3.00165525648e-06,7.09116230536e-16
789.0,1e-06,3.00165735764e-06,7.10016017862e-16
790.0,1e-06,3.0016594588e-06,7.10915804919e-16
791.0,1e-06,3.00166155996e-06,7.11815591706e-16
792.0,1e-06,3.00166366112e-06,7.12715378223e-16
793.0,1e-06,3.00166576229e-06,7.13615164472e-16
794.0,1e-06,3.00166786346e-06,7.1451495045e-16
795.0,1e-06,3.00166996462e-06,7.1541473616e-16
796.0,1e-06,3.00167206579e-06,7.163145216e-16
797.0,1e-06,3.00167416697e-06,7.1721430677e-16
798.0,1e-06,3.00167626814e-06,7.18114091671e-16
799.0,1e-06,3.00167836931e-06,7.19013876303e-16
800.0,1e-06,3.00168047049e-06,7.19913660665e-16
801.0,1e-06,3.00168257166e-06,7.20813444758e-16
802.0,1e-06,3.00168467284e-06,7.21713228581e-16
803.0,1e-06,3.00168677402e-06,7.22613012135e-16
804.0,1e-06,3.0016888752e-06,7.2351279542e-16
805.0,1e-06,3.00169097639e-06,7.24412578435e-16
806.0,1e-06,3.00169307757e-06,7.2531236118e-16
807.0,1e-06,3.00169517876e-06,7.26212143656e-16
808.0,1e-06,3.00169727995e-06,7.27111925863e-16
809.0,1e-06,3.00169938113e-06,7.28011707801e-16
810.0,1e-06,3.00170148232e-06,7.28911489469e-16
811.0,1e-06,3.00170358352e-06,7.29811270867e-16
812.0,1e-06,3.00170568471e-06,7.30711051996e-16
813.0,1e-06,3.0017077859e-06,7.31610832856e-16
814.0,1e-06,3.0017098871e-06,7.32510613446e-16
815.0,1e-06,3.0017119883e-06,7.33410393767e-16
816.0,1e-06,3.0017140895e-06,7.34310173818e-16
817.0,1e-06,3.0017161907e-06,7.352099536e-16
818.0,1e-06,3.0017182919e-06,7.36109733113e-16
819.0,1e-06,3.0017203931e-06,7.37009512356e-16
820.0,1e-06,3.00172249431e-06,7.3790929133e-16
821.0,1e-06,3.00172459552e-06,7.38809070034e-16
822.0,1e-06,3.00172669672e-06,7.39708848469e-16
823.0,1e-06,3.00172879793e-06,7.40608626634e-16
824.0,1e-06,3.00173089914e-06,7.4150840453e-16
825.0,1e-06,3.00173300036e-06,7.42408182157e-16
826.0,1e-06,3.00173510157e-06,7.43307959514e-16
827.0,1e-06,3.00173720278e-06,7.44207736602e-16
828.0,1e-06,3.001739304e-06,7.4510751342e-16
829.0,1e-06,3.00174140522e-06,7.46007289969e-16
830.0,1e-06,3.00174350644e-06,7.46907066249e-16
831.0,1e-06,3.00174560766e-06,7.47806842259e-16
832.0,1e-06,3.00174770888e-06,7.48706618e-16
833.0,1e-06,3.00174981011e-06,7.49606393471e-16
834.0,1e-06,3.00175191133e-06,7.50506168673e-16
835.0,1e-06,3.00175401256e-06,7.51405943606e-16
836.0,1e-06,3.00175611379e-06,7.52305718269e-16
837.0,1e-06,3.00175821502e-06,7.53205492662e-16
838.0,1e-06,3.00176031625e-06,7.54105266787e-16
839.0,1e-06,3.00176241748e-06,7.55005040642e-16
840.0,1e-06,3.00176451872e-06,7.55904814227e-16
841.0,1e-06,3.00176661995e-06,7.56804587543e-16
842.0,1e-06,3.00176872119e-06,7.5770436059e-16
843.0,1e-06,3.00177082243e-06,7.58604133367e-16
844.0,1e-06,3.00177292367e-06,7.59503905875e-16
845.0,1e-06,3.00177502491e-06,7.60403678114e-16
846.0,1e-06,3.00177712616e-06,7.61303450083e-16
847.0,1e-06,3.0017792274e-06,7.62203221782e-16
848.0,1e-06,3.00178132865e-06,7.63102993213e-16
849.0,1e-06,3.00178342989e-06,7.64002764374e-16
850.0,1e-06,3.00178553114e-06,7.64902535265e-16
851.0,1e-06,3.00178763239e-06,7.65802305887e-16
852.0,1e-06,3.00178973365e-06,7.6670207624e-16
853.0,1e-06,3.0017918349e-06,7.67601846323e-16
854.0,1e-06,3.00179393615e-06,7.68501616137e-16
855.0,1e-06,3.00179603741e-06,7.69401385682e-16
856.0,1e-06,3.00179813867e-06,7.70301154957e-16
857.0,1e-06,3.00180023993e-06,7.71200923963e-16
858.0,1e-06,3.00180234119e-06,7.72100692699e-16
859.0,1e-06,3.00180444245e-06,7.73000461166e-16
860.0,1e-06,3.00180654372e-06,7.73900229363e-16
861.0,1e-06,3.00180864498e-06,7.74799997292e-16
862.0,1e-06,3.00181074625e-06,7.7569976495e-16
863.0,1e-06,3.00181284752e-06,7.7659953234e-16
864.0,1e-06,3.00181494879e-06,7.7749929946e-16
865.0,1e-06,3.00181705006e-06,7.78399066311e-16
866.0,1e-06,3.00181915133e-06,7.79298832892e-16
867.0,1e-06,3.0018212526e-06,7.80198599204e-16
868.0,1e-06,3.00182335388e-06,7.81098365246e-16
869.0,1e-06,3.00182545516e-06,7.81998131019e-16
870.0,1e-06,3.00182755643e-06,7.82897896523e-16
871.0,1e-06,3.00182965771e-06,7.83797661757e-16
872.0,1e-06,3.001831759e-06,7.84697426722e-16
873.0,1e-06,3.00183386028e-06,7.85597191418e-16
874.0,1e-06,3.00183596156e-06,7.86496955844e-16
875.0,1e-06,3.00183806285e-06,7.87396720001e-16
876.0,1e-06,3.00184016414e-06,7.88296483888e-16
877.0,1e-06,3.00184226543e-06,7.89196247506e-16
878.0,1e-06,3.00184436672e-06,7.90096010855e-16
879.0,1e-06,3.00184646801e-06,7.90995773934e-16
880.0,1e-06,3.0018485693e-06,7.91895536744e-16
881.0,1e-06,3.0018506706e-06,7.92795299285e-16
882.0,1e-06,3.00185277189e-06,7.93695061556e-16
883.0,1e-06,3.00185487319e-06,7.94594823558e-16
884.0,1e-06,3.00185697449e-06,7.9549458529e-16
885.0,1e-06,3.00185907579e-06,7.96394346753e-16
886.0,1e-06,3.00186117709e-06,7.97294107947e-16
887.0,1e-06,3.00186327839e-06,7.98193868872e-16
888.0,1e-06,3.0018653797e-06,7.99093629526e-16
889.0,1e-06,3.00186748101e-06,7.99993389912e-16
890.0,1e-06,3.00186958231e-06,8.00893150028e-16
891.0,1e-06,3.00187168362e-06,8.01792909875e-16
892.0,1e-06,3.00187378493e-06,8.02692669453e-16
893.0,1e-06,3.00187588625e-06,8.03592428761e-16
894.0,1e-06,3.00187798756e-06,8.044921878e-16
895.0,1e-06,3.00188008888e-06,8.05391946569e-16
896.0,1e-06,3.00188219019e-06,8.06291705069e-16
897.0,1e-06,3.00188429151e-06,8.071914633e-16
898.0,1e-06,3.00188639283e-06,8.08091221261e-16
899.0,1e-06,3.00188849415e-06,8.08990978953e-16
900.0,1e-06,3.00189059548e-06,8.09890736375e-16
901.0,1e-06,3.0018926968e-06,8.10790493529e-16
902.0,1e-06,3.00189479812e-06,8.11690250413e-16
903.0,1e-06,3.00189689945e-06,8.12590007027e-16
904.0,1e-06,3.00189900078e-06,8.13489763372e-16
905.0,1e-06,3.00190110211e-06,8.14389519448e-16
906.0,1e-06,3.00190320344e-06,8.15289275254e-16
907.0,1e-06,3.00190530478e-06,8.16189030792e-16
908.0,1e-06,3.00190740611e-06,8.17088786059e-16
909.0,1e-06,3.00190950745e-06,8.17988541058e-16
910.0,1e-06,3.00191160878e-06,8.18888295787e-16
911.0,1e-06,3.00191371012e-06,8.19788050246e-16
912.0,1e-06,3.00191581146e-06,8.20687804437e-16
913.0,1e-06,3.0019179128e-06,8.21587558358e-16
914.0,1e-06,3.00192001415e-06,8.22487312009e-16
915.0,1e-06,3.00192211549e-06,8.23387065391e-16
916.0,1e-06,3.00192421684e-06,8.24286818504e-16
917.0,1e-06,3.00192631819e-06,8.25186571348e-16
918.0,1e-06,3.00192841953e-06,8.26086323922e-16
919.0,1e-06,3.00193052089e-06,8.26986076227e-16
920.0,1e-06,3.00193262224e-06,8.27885828262e-16
921.0,1e-06,3.00193472359e-06,8.28785580029e-16
922.0,1e-06,3.00193682495e-06,8.29685331525e-16
923.0,1e-06,3.0019389263e-06,8.30585082753e-16
924.0,1e-06,3.00194102766e-06,8.31484833711e-16
925.0,1e-06,3.00194312902e-06,8.323845844e-16
926.0,1e-06,3.00194523038e-06,8.33284334819e-16
927.0,1e-06,3.00194733174e-06,8.34184084969e-16
928.0,1e-06,3.00194943311e-06,8.3508383485e-16
929.0,1e-06,3.00195153447e-06,8.35983584462e-16
930.0,1e-06,3.00195363584e-06,8.36883333804e-16
931.0,1e-06,3.00195573721e-06,8.37783082876e-16
932.0,1e-06,3.00195783858e-06,8.3868283168e-16
933.0,1e-06,3.00195993995e-06,8.39582580214e-16
934.0,1e-06,3.00196204132e-06,8.40482328479e-16
935.0,1e-06,3.0019641427e-06,8.41382076474e-16
936.0,1e-06,3.00196624407e-06,8.422818242e-16
937.0,1e-06,3.00196834545e-06,8.43181571657e-16
938.0,1e-06,3.00197044683e-06,8.44081318844e-16
939.0,1e-06,3.00197254821e-06,8.44981065762e-16
940.0,1e-06,3.00197464959e-06,8.45880812411e-16
941.0,1e-06,3.00197675097e-06,8.4678055879e-16
942.0,1e-06,3.00197885236e-06,8.47680304901e-16
943.0,1e-06,3.00198095374e-06,8.48580050741e-16
944.0,1e-06,3.00198305513e-06,8.49479796313e-16
945.0,1e-06,3.00198515652e-06,8.50379541615e-16
946.0,1e-06,3.00198725791e-06,8.51279286648e-16
947.0,1e-06,3.0019893593e-06,8.52179031411e-16
948.0,1e-06,3.00199146069e-06,8.53078775905e-16
949.0,1e-06,3.00199356209e-06,8.5397852013e-16
950.0,1e-06,3.00199566348e-06,8.54878264085e-16
951.0,1e-06,3.00199776488e-06,8.55778007771e-16
952.0,1e-06,3.00199986628e-06,8.56677751188e-16
953.0,1e-06,3.00200196768e-06,8.57577494336e-16
954.0,1e-06,3.00200406908e-06,8.58477237214e-16
955.0,1e-06,3.00200617049e-06,8.59376979823e-16
956.0,1e-06,3.00200827189e-06,8.60276722162e-16
957.0,1e-06,3.0020103733e-06,8.61176464232e-16
958.0,1e-06,3.00201247471e-06,8.62076206033e-16
959.0,1e-06,3.00201457612e-06,8.62975947565e-16
960.0,1e-06,3.00201667753e-06,8.63875688827e-16
961.0,1e-06,3.00201877894e-06,8.6477542982e-16
962.0,1e-06,3.00202088035e-06,8.65675170543e-16
963.0,1e-06,3.00202298177e-06,8.66574910998e-16
964.0,1e-06,3.00202508319e-06,8.67474651183e-16
965.0,1e-06,3.0020271846e-06,8.68374391098e-16
966.0,1e-06,3.00202928602e-06,8.69274130745e-16
967.0,1e-06,3.00203138745e-06,8.70173870122e-16
968.0,1e-06,3.00203348887e-06,8.71073609229e-16
969.0,1e-06,3.00203559029e-06,8.71973348068e-16
970.0,1e-06,3.00203769172e-06,8.72873086637e-16
971.0,1e-06,3.00203979315e-06,8.73772824937e-16
972.0,1e-06,3.00204189457e-06,8.74672562967e-16
973.0,1e-06,3.002043996e-06,8.75572300728e-16
974.0,1e-06,3.00204609744e-06,8.7647203822e-16
975.0,1e-06,3.00204819887e-06,8.77371775443e-16
976.0,1e-06,3.0020503003e-06,8.78271512396e-16
977.0,1e-06,3.00205240174e-06,8.7917124908e-16
978.0,1e-06,3.00205450318e-06,8.80070985494e-16
979.0,1e-06,3.00205660462e-06,8.8097072164e-16
980.0,1e-06,3.00205870606e-06,8.81870457516e-16
981.0,1e-06,3.0020608075e-06,8.82770193122e-16
982.0,1e-06,3.00206290894e-06,8.8366992846e-16
983.0,1e-06,3.00206501039e-06,8.84569663528e-16
984.0,1e-06,3.00206711183e-06,8.85469398327e-16
985.0,1e-06,3.00206921328e-06,8.86369132856e-16
986.0,1e-06,3.00207131473e-06,8.87268867116e-16
987.0,1e-06,3.00207341618e-06,8.88168601107e-16
988.0,1e-06,3.00207551763e-06,8.89068334829e-16
989.0,1e-06,3.00207761908e-06,8.89968068281e-16
990.0,1e-06,3.00207972054e-06,8.90867801464e-16
991.0,1e-06,3.002081822e-06,8.91767534378e-16
992.0,1e-06,3.00208392345e-06,8.92667267022e-16
993.0,1e-06,3.00208602491e-06,8.93566999398e-16
994.0,1e-06,3.00208812637e-06,8.94466731503e-16
995.0,1e-06,3.00209022784e-06,8.9536646334e-16
996.0,1e-06,3.0020923293e-06,8.96266194907e-16
997.0,1e-06,3.00209443077e-06,8.97165926205e-16
998.0,1e-06,3.00209653223e-06,8.98065657234e-16
999.0,1e-06,3.0020986337e-06,8.98965387993e-16
1000.0,1e-06,3.00210073517e-06,8.99865118483e-16
1001.0,1e-06,3.00210283664e-06,9.00764848704e-16
1002.0,1e-06,3.00210493812e-06,9.01664578655e-16
1003.0,1e-06,3.00210703959e-06,9.02564308338e-16
1004.0,1e-06,3.00210914107e-06,9.03464037751e-16
1005.0,1e-06,3.00211124254e-06,9.04363766894e-16
1006.0,1e-06,3.00211334402e-06,9.05263495769e-16
1007.0,1e-06,3.0021154455e-06,9.06163224374e-16
1008.0,1e-06,3.00211754698e-06,9.07062952709e-16
1009.0,1e-06,3.00211964847e-06,9.07962680776e-16
1010.0,1e-06,3.00212174995e-06,9.08862408573e-16
1011.0,1e-06,3.00212385144e-06,9.09762136101e-16
1012.0,1e-06,3.00212595292e-06,9.1066186336e-16
1013.0,1e-06,3.00212805441e-06,9.11561590349e-16
1014.0,1e-06,3.0021301559e-06,9.12461317069e-16
1015.0,1e-06,3.00213225739e-06,9.1336104352e-16
1016.0,1e-06,3.00213435889e-06,9.14260769702e-16
1017.0,1e-06,3.00213646038e-06,9.15160495614e-16
1018.0,1e-06,3.00213856188e-06,9.16060221257e-16
1019.0,1e-06,3.00214066338e-06,9.16959946631e-16
1020.0,1e-06,3.00214276488e-06,9.17859671735e-16
1021.0,1e-06,3.00214486638e-06,9.1875939657e-16
1022.0,1e-06,3.00214696788e-06,9.19659121136e-16
1023.0,1e-06,3.00214906938e-06,9.20558845433e-16
1024.0,1e-06,3.00215117089e-06,9.2145856946e-16
1025.0,1e-06,3.00215327239e-06,9.22358293218e-16
1026.0,1e-06,3.0021553739e-06,9.23258016707e-16
1027.0,1e-06,3.00215747541e-06,9.24157739926e-16
1028.0,1e-06,3.00215957692e-06,9.25057462877e-16
1029.0,1e-06,3.00216167844e-06,9.25957185558e-16
1030.0,1e-06,3.00216377995e-06,9.26856907969e-16
1031.0,1e-06,3.00216588146e-06,9.27756630112e-16
1032.0,1e-06,3.00216798298e-06,9.28656351985e-16
1033.0,1e-06,3.0021700845e-06,9.29556073589e-16
1034.0,1e-06,3.00217218602e-06,9.30455794923e-16
1035.0,1e-06,3.00217428754e-06,9.31355515989e-16
1036.0,1e-06,3.00217638906e-06,9.32255236785e-16
1037.0,1e-06,3.00217849059e-06,9.33154957312e-16
1038.0,1e-06,3.00218059211e-06,9.34054677569e-16
1039.0,1e-06,3.00218269364e-06,9.34954397558e-16
1040.0,1e-06,3.00218479517e-06,9.35854117277e-16
1041.0,1e-06,3.0021868967e-06,9.36753836727e-16
1042.0,1e-06,3.00218899823e-06,9.37653555907e-16
1043.0,1e-06,3.00219109976e-06,9.38553274818e-16
1044.0,1e-06,3.0021932013e-06,9.3945299346e-16
1045.0,1e-06,3.00219530283e-06,9.40352711833e-16
1046.0,1e-06,3.00219740437e-06,9.41252429937e-16
1047.0,1e-06,3.00219950591e-06,9.42152147771e-16
1048.0,1e-06,3.00220160745e-06,9.43051865336e-16
1049.0,1e-06,3.00220370899e-06,9.43951582632e-16
1050.0,1e-06,3.00220581054e-06,9.44851299658e-16
1051.0,1e-06,3.00220791208e-06,9.45751016415e-16
1052.0,1e-06,3.00221001363e-06,9.46650732903e-16
1053.0,1e-06,3.00221211517e-06,9.47550449122e-16
1054.0,1e-06,3.00221421672e-06,9.48450165072e-16
1055.0,1e-06,3.00221631827e-06,9.49349880752e-16
1056.0,1e-06,3.00221841983e-06,9.50249596163e-16
1057.0,1e-06,3.00222052138e-06,9.51149311305e-16
1058.0,1e-06,3.00222262294e-06,9.52049026177e-16
1059.0,1e-06,3.00222472449e-06,9.5294874078e-16
1060.0,1e-06,3.00222682605e-06,9.53848455114e-16
1061.0,1e-06,3.00222892761e-06,9.54748169179e-16
1062.0,1e-06,3.00223102917e-06,9.55647882974e-16
1063.0,1e-06,3.00223313073e-06,9.56547596501e-16
1064.0,1e-06,3.0022352323e-06,9.57447309758e-16
1065.0,1e-06,3.00223733386e-06,9.58347022745e-16
1066.0,1e-06,3.00223943543e-06,9.59246735464e-16
1067.0,1e-06,3.002241537e-06,9.60146447913e-16
1068.0,1e-06,3.00224363857e-06,9.61046160093e-16
1069.0,1e-06,3.00224574014e-06,9.61945872004e-16
1070.0,1e-06,3.00224784171e-06,9.62845583646e-16
1071.0,1e-06,3.00224994329e-06,9.63745295018e-16
1072.0,1e-06,3.00225204486e-06,9.64645006121e-16
1073.0,1e-06,3.00225414644e-06,9.65544716955e-16
1074.0,1e-06,3.00225624802e-06,9.66444427519e-16
1075.0,1e-06,3.0022583496e-06,9.67344137815e-16
1076.0,1e-06,3.00226045118e-06,9.68243847841e-16
1077.0,1e-06,3.00226255276e-06,9.69143557598e-16
1078.0,1e-06,3.00226465435e-06,9.70043267085e-16
1079.0,1e-06,3.00226675593e-06,9.70942976304e-16
1080.0,1e-06,3.00226885752e-06,9.71842685253e-16
1081.0,1e-06,3.00227095911e-06,9.72742393933e-16
1082.0,1e-06,3.0022730607e-06,9.73642102344e-16
1083.0,1e-06,3.00227516229e-06,9.74541810485e-16
1084.0,1e-06,3.00227726388e-06,9.75441518357e-16
1085.0,1e-06,3.00227936548e-06,9.7634122596e-16
1086.0,1e-06,3.00228146708e-06,9.77240933294e-16
1087.0,1e-06,3.00228356867e-06,9.78140640359e-16
1088.0,1e-06,3.00228567027e-06,9.79040347154e-16
1089.0,1e-06,3.00228777187e-06,9.7994005368e-16
1090.0,1e-06,3.00228987348e-06,9.80839759937e-16
1091.0,1e-06,3.00229197508e-06,9.81739465925e-16
1092.0,1e-06,3.00229407668e-06,9.82639171643e-16
1093.0,1e-06,3.00229617829e-06,9.83538877093e-16
1094.0,1e-06,3.0022982799e-06,9.84438582273e-16
1095.0,1e-06,3.00230038151e-06,9.85338287183e-16
1096.0,1e-06,3.00230248312e-06,9.86237991825e-16
1097.0,1e-06,3.00230458473e-06,9.87137696197e-16
1098.0,1e-06,3.00230668635e-06,9.880374003e-16
1099.0,1e-06,3.00230878796e-06,9.88937104134e-16
1100.0,1e-06,3.00231088958e-06,9.89836807699e-16
1101.0,1e-06,3.0023129912e-06,9.90736510994e-16
1102.0,1e-06,3.00231509282e-06,9.91636214021e-16
1103.0,1e-06,3.00231719444e-06,9.92535916778e-16
1104.0,1e-06,3.00231929606e-06,9.93435619265e-16
1105.0,1e-06,3.00232139768e-06,9.94335321484e-16
1106.0,1e-06,3.00232349931e-06,9.95235023433e-16
1107.0,1e-06,3.00232560094e-06,9.96134725114e-16
1108.0,1e-06,3.00232770257e-06,9.97034426525e-16
1109.0,1e-06,3.0023298042e-06,9.97934127666e-16
1110.0,1e-06,3.00233190583e-06,9.98833828539e-16
1111.0,1e-06,3.00233400746e-06,9.99733529142e-16
1112.0,1e-06,3.0023361091e-06,1.00063322948e-15
1113.0,1e-06,3.00233821073e-06,1.00153292954e-15
1114.0,1e-06,3.00234031237e-06,1.00243262934e-15
1115.0,1e-06,3.00234241401e-06,1.00333232886e-15
1116.0,1e-06,3.00234451565e-06,1.00423202812e-15
1117.0,1e-06,3.00234661729e-06,1.00513172711e-15
1118.0,1e-06,3.00234871893e-06,1.00603142583e-15
1119.0,1e-06,3.00235082058e-06,1.00693112428e-15
1120.0,1e-06,3.00235292222e-06,1.00783082246e-15
1121.0,1e-06,3.00235502387e-06,1.00873052037e-15
1122.0,1e-06,3.00235712552e-06,1.00963021801e-15
1123.0,1e-06,3.00235922717e-06,1.01052991538e-15
1124.0,1e-06,3.00236132882e-06,1.01142961249e-15
1125.0,1e-06,3.00236343048e-06,1.01232930932e-15
1126.0,1e-06,3.00236553213e-06,1.01322900589e-15
1127.0,1e-06,3.00236763379e-06,1.01412870218e-15
1128.0,1e-06,3.00236973545e-06,1.01502839821e-15
1129.0,1e-06,3.00237183711e-06,1.01592809397e-15
1130.0,1e-06,3.00237393877e-06,1.01682778946e-15
1131.0,1e-06,3.00237604043e-06,1.01772748468e-15
1132.0,1e-06,3.0023781421e-06,1.01862717963e-15
1133.0,1e-06,3.00238024376e-06,1.01952687431e-15
1134.0,1e-06,3.00238234543e-06,1.02042656872e-15
1135.0,1e-06,3.0023844471e-06,1.02132626286e-15
1136.0,1e-06,3.00238654877e-06,1.02222595673e-15
1137.0,1e-06,3.00238865044e-06,1.02312565034e-15
1138.0,1e-06,3.00239075211e-06,1.02402534367e-15
1139.0,1e-06,3.00239285378e-06,1.02492503674e-15
1140.0,1e-06,3.00239495546e-06,1.02582472953e-15
1141.0,1e-06,3.00239705714e-06,1.02672442206e-15
1142.0,1e-06,3.00239915882e-06,1.02762411432e-15
1143.0,1e-06,3.0024012605e-06,1.02852380631e-15
1144.0,1e-06,3.00240336218e-06,1.02942349803e-15
1145.0,1e-06,3.00240546386e-06,1.03032318948e-15
1146.0,1e-06,3.00240756555e-06,1.03122288066e-15
1147.0,1e-06,3.00240966723e-06,1.03212257157e-15
1148.0,1e-06,3.00241176892e-06,1.03302226222e-15
1149.0,1e-06,3.00241387061e-06,1.03392195259e-15
1150.0,1e-06,3.0024159723e-06,1.03482164269e-15
1151.0,1e-06,3.00241807399e-06,1.03572133253e-15
1152.0,1e-06,3.00242017568e-06,1.0366210221e-15
1153.0,1e-06,3.00242227738e-06,1.03752071139e-15
1154.0,1e-06,3.00242437907e-06,1.03842040042e-15
1155.0,1e-06,3.00242648077e-06,1.03932008918e-15
1156.0,1e-06,3.00242858247e-06,1.04021977767e-15
1157.0,1e-06,3.00243068417e-06,1.04111946589e-15
1158.0,1e-06,3.00243278587e-06,1.04201915384e-15
1159.0,1e-06,3.00243488758e-06,1.04291884152e-15
1160.0,1e-06,3.00243698928e-06,1.04381852894e-15
1161.0,1e-06,3.00243909099e-06,1.04471821608e-15
1162.0,1e-06,3.0024411927e-06,1.04561790295e-15
1163.0,1e-06,3.00244329441e-06,1.04651758956e-15
1164.0,1e-06,3.00244539612e-06,1.0474172759e-15
1165.0,1e-06,3.00244749783e-06,1.04831696196e-15
1166.0,1e-06,3.00244959955e-06,1.04921664776e-15
1167.0,1e-06,3.00245170126e-06,1.05011633329e-15
1168.0,1e-06,3.00245380298e-06,1.05101601855e-15
1169.0,1e-06,3.0024559047e-06,1.05191570354e-15
1170.0,1e-06,3.00245800642e-06,1.05281538826e-15
1171.0,1e-06,3.00246010814e-06,1.05371507271e-15
1172.0,1e-06,3.00246220986e-06,1.05461475689e-15
1173.0,1e-06,3.00246431158e-06,1.05551444081e-15
1174.0,1e-06,3.00246641331e-06,1.05641412445e-15
1175.0,1e-06,3.00246851504e-06,1.05731380783e-15
1176.0,1e-06,3.00247061677e-06,1.05821349093e-15
1177.0,1e-06,3.0024727185e-06,1.05911317377e-15
1178.0,1e-06,3.00247482023e-06,1.06001285634e-15
1179.0,1e-06,3.00247692196e-06,1.06091253864e-15
1180.0,1e-06,3.0024790237e-06,1.06181222067e-15
1181.0,1e-06,3.00248112543e-06,1.06271190243e-15
1182.0,1e-06,3.00248322717e-06,1.06361158392e-15
1183.0,1e-06,3.00248532891e-06,1.06451126514e-15
1184.0,1e-06,3.00248743065e-06,1.06541094609e-15
1185.0,1e-06,3.00248953239e-06,1.06631062678e-15
1186.0,1e-06,3.00249163413e-06,1.06721030719e-15
1187.0,1e-06,3.00249373588e-06,1.06810998734e-15
1188.0,1e-06,3.00249583763e-06,1.06900966721e-15
1189.0,1e-06,3.00249793937e-06,1.06990934682e-15
1190.0,1e-06,3.00250004112e-06,1.07080902616e-15
1191.0,1e-06,3.00250214287e-06,1.07170870523e-15
1192.0,1e-06,3.00250424463e-06,1.07260838403e-15
1193.0,1e-06,3.00250634638e-06,1.07350806256e-15
1194.0,1e-06,3.00250844813e-06,1.07440774082e-15
1195.0,1e-06,3.00251054989e-06,1.07530741881e-15
1196.0,1e-06,3.00251265165e-06,1.07620709653e-15
1197.0,1e-06,3.00251475341e-06,1.07710677399e-15
1198.0,1e-06,3.00251685517e-06,1.07800645117e-15
1199.0,1e-06,3.00251895693e-06,1.07890612809e-15
1200.0,1e-06,3.0025210587e-06,1.07980580473e-15
1201.0,1e-06,3.00252316046e-06,1.08070548111e-15
1202.0,1e-06,3.00252526223e-06,1.08160515722e-15
1203.0,1e-06,3.002527364e-06,1.08250483306e-15
1204.0,1e-06,3.00252946577e-06,1.08340450863e-15
1205.0,1e-06,3.00253156754e-06,1.08430418393e-15
1206.0,1e-06,3.00253366931e-06,1.08520385896e-15
1207.0,1e-06,3.00253577109e-06,1.08610353372e-15
1208.0,1e-06,3.00253787286e-06,1.08700320821e-15
1209.0,1e-06,3.00253997464e-06,1.08790288244e-15
1210.0,1e-06,3.00254207642e-06,1.08880255639e-15
1211.0,1e-06,3.0025441782e-06,1.08970223008e-15
1212.0,1e-06,3.00254627998e-06,1.0906019035e-15
1213.0,1e-06,3.00254838176e-06,1.09150157664e-15
1214.0,1e-06,3.00255048355e-06,1.09240124952e-15
1215.0,1e-06,3.00255258533e-06,1.09330092213e-15
1216.0,1e-06,3.00255468712e-06,1.09420059447e-15
1217.0,1e-06,3.00255678891e-06,1.09510026654e-15
1218.0,1e-06,3.0025588907e-06,1.09599993834e-15
1219.0,1e-06,3.00256099249e-06,1.09689960988e-15
1220.0,1e-06,3.00256309429e-06,1.09779928114e-15
1221.0,1e-06,3.00256519608e-06,1.09869895214e-15
1222.0,1e-06,3.00256729788e-06,1.09959862286e-15
1223.0,1e-06,3.00256939967e-06,1.10049829332e-15
1224.0,1e-06,3.00257150147e-06,1.1013979635e-15
1225.0,1e-06,3.00257360327e-06,1.10229763342e-15
1226.0,1e-06,3.00257570508e-06,1.10319730307e-15
1227.0,1e-06,3.00257780688e-06,1.10409697245e-15
1228.0,1e-06,3.00257990869e-06,1.10499664156e-15
1229.0,1e-06,3.00258201049e-06,1.1058963104e-15
1230.0,1e-06,3.0025841123e-06,1.10679597897e-15
1231.0,1e-06,3.00258621411e-06,1.10769564728e-15
1232.0,1e-06,3.00258831592e-06,1.10859531531e-15
1233.0,1e-06,3.00259041773e-06,1.10949498308e-15
1234.0,1e-06,3.00259251955e-06,1.11039465057e-15
1235.0,1e-06,3.00259462136e-06,1.1112943178e-15
1236.0,1e-06,3.00259672318e-06,1.11219398476e-15
1237.0,1e-06,3.002598825e-06,1.11309365144e-15
1238.0,1e-06,3.00260092682e-06,1.11399331786e-15
1239.0,1e-06,3.00260302864e-06,1.11489298401e-15
1240.0,1e-06,3.00260513046e-06,1.1157926499e-15
1241.0,1e-06,3.00260723229e-06,1.11669231551e-15
1242.0,1e-06,3.00260933411e-06,1.11759198085e-15
1243.0,1e-06,3.00261143594e-06,1.11849164592e-15
1244.0,1e-06,3.00261353777e-06,1.11939131073e-15
1245.0,1e-06,3.0026156396e-06,1.12029097526e-15
1246.0,1e-06,3.00261774143e-06,1.12119063953e-15
1247.0,1e-06,3.00261984326e-06,1.12209030353e-15
1248.0,1e-06,3.0026219451e-06,1.12298996726e-15
1249.0,1e-06,3.00262404693e-06,1.12388963071e-15
1250.0,1e-06,3.00262614877e-06,1.1247892939e-15
1251.0,1e-06,3.00262825061e-06,1.12568895683e-15
1252.0,1e-06,3.00263035245e-06,1.12658861948e-15
1253.0,1e-06,3.00263245429e-06,1.12748828186e-15
1254.0,1e-06,3.00263455614e-06,1.12838794397e-15
1255.0,1e-06,3.00263665798e-06,1.12928760582e-15
1256.0,1e-06,3.00263875983e-06,1.13018726739e-15
1257.0,1e-06,3.00264086168e-06,1.1310869287e-15
1258.0,1e-06,3.00264296353e-06,1.13198658974e-15
1259.0,1e-06,3.00264506538e-06,1.1328862505e-15
1260.0,1e-06,3.00264716723e-06,1.133785911e-15
1261.0,1e-06,3.00264926908e-06,1.13468557123e-15
1262.0,1e-06,3.00265137094e-06,1.13558523119e-15
1263.0,1e-06,3.00265347279e-06,1.13648489088e-15
1264.0,1e-06,3.00265557465e-06,1.13738455031e-15
1265.0,1e-06,3.00265767651e-06,1.13828420946e-15
1266.0,1e-06,3.00265977837e-06,1.13918386834e-15
1267.0,1e-06,3.00266188024e-06,1.14008352696e-15
1268.0,1e-06,3.0026639821e-06,1.14098318531e-15
1269.0,1e-06,3.00266608397e-06,1.14188284338e-15
1270.0,1e-06,3.00266818583e-06,1.14278250119e-15
1271.0,1e-06,3.0026702877e-06,1.14368215873e-15
1272.0,1e-06,3.00267238957e-06,1.144581816e-15
1273.0,1e-06,3.00267449144e-06,1.145481473e-15
1274.0,1e-06,3.00267659332e-06,1.14638112973e-15
1275.0,1e-06,3.00267869519e-06,1.14728078619e-15
1276.0,1e-06,3.00268079707e-06,1.14818044239e-15
1277.0,1e-06,3.00268289894e-06,1.14908009831e-15
1278.0,1e-06,3.00268500082e-06,1.14997975396e-15
1279.0,1e-06,3.0026871027e-06,1.15087940935e-15
1280.0,1e-06,3.00268920458e-06,1.15177906447e-15
1281.0,1e-06,3.00269130647e-06,1.15267871932e-15
1282.0,1e-06,3.00269340835e-06,1.15357837389e-15
1283.0,1e-06,3.00269551024e-06,1.1544780282e-15
1284.0,1e-06,3.00269761213e-06,1.15537768224e-15
1285.0,1e-06,3.00269971401e-06,1.15627733602e-15
1286.0,1e-06,3.0027018159e-06,1.15717698952e-15
1287.0,1e-06,3.0027039178e-06,1.15807664275e-15
1288.0,1e-06,3.00270601969e-06,1.15897629572e-15
1289.0,1e-06,3.00270812159e-06,1.15987594841e-15
1290.0,1e-06,3.00271022348e-06,1.16077560084e-15
1291.0,1e-06,3.00271232538e-06,1.16167525299e-15
1292.0,1e-06,3.00271442728e-06,1.16257490488e-15
1293.0,1e-06,3.00271652918e-06,1.1634745565e-15
1294.0,1e-06,3.00271863108e-06,1.16437420785e-15
1295.0,1e-06,3.00272073299e-06,1.16527385893e-15
1296.0,1e-06,3.00272283489e-06,1.16617350974e-15
1297.0,1e-06,3.0027249368e-06,1.16707316028e-15
1298.0,1e-06,3.00272703871e-06,1.16797281056e-15
1299.0,1e-06,3.00272914062e-06,1.16887246056e-15
1300.0,1e-06,3.00273124253e-06,1.1697721103e-15
1301.0,1e-06,3.00273334444e-06,1.17067175976e-15
1302.0,1e-06,3.00273544635e-06,1.17157140896e-15
1303.0,1e-06,3.00273754827e-06,1.17247105789e-15
1304.0,1e-06,3.00273965019e-06,1.17337070655e-15
1305.0,1e-06,3.0027417521e-06,1.17427035494e-15
1306.0,1e-06,3.00274385402e-06,1.17517000306e-15
1307.0,1e-06,3.00274595595e-06,1.17606965091e-15
1308.0,1e-06,3.00274805787e-06,1.17696929849e-15
1309.0,1e-06,3.00275015979e-06,1.1778689458e-15
1310.0,1e-06,3.00275226172e-06,1.17876859285e-15
1311.0,1e-06,3.00275436365e-06,1.17966823962e-15
1312.0,1e-06,3.00275646558e-06,1.18056788613e-15
1313.0,1e-06,3.00275856751e-06,1.18146753237e-15
1314.0,1e-06,3.00276066944e-06,1.18236717834e-15
1315.0,1e-06,3.00276277137e-06,1.18326682404e-15
1316.0,1e-06,3.00276487331e-06,1.18416646947e-15
1317.0,1e-06,3.00276697524e-06,1.18506611463e-15
1318.0,1e-06,3.00276907718e-06,1.18596575952e-15
1319.0,1e-06,3.00277117912e-06,1.18686540414e-15
1320.0,1e-06,3.00277328106e-06,1.1877650485e-15
1321.0,1e-06,3.002775383e-06,1.18866469258e-15
1322.0,1e-06,3.00277748494e-06,1.1895643364e-15
1323.0,1e-06,3.00277958689e-06,1.19046397994e-15
1324.0,1e-06,3.00278168884e-06,1.19136362322e-15
1325.0,1e-06,3.00278379078e-06,1.19226326623e-15
1326.0,1e-06,3.00278589273e-06,1.19316290897e-15
1327.0,1e-06,3.00278799468e-06,1.19406255144e-15
1328.0,1e-06,3.00279009664e-06,1.19496219364e-15
1329.0,1e-06,3.00279219859e-06,1.19586183557e-15
1330.0,1e-06,3.00279430055e-06,1.19676147723e-15
1331.0,1e-06,3.0027964025e-06,1.19766111863e-15
1332.0,1e-06,3.00279850446e-06,1.19856075975e-15
1333.0,1e-06,3.00280060642e-06,1.19946040061e-15
1334.0,1e-06,3.00280270838e-06,1.2003600412e-15
1335.0,1e-06,3.00280481034e-06,1.20125968152e-15
1336.0,1e-06,3.00280691231e-06,1.20215932156e-15
1337.0,1e-06,3.00280901427e-06,1.20305896134e-15
1338.0,1e-06,3.00281111624e-06,1.20395860085e-15
1339.0,1e-06,3.00281321821e-06,1.2048582401e-15
1340.0,1e-06,3.00281532018e-06,1.20575787907e-15
1341.0,1e-06,3.00281742215e-06,1.20665751777e-15
1342.0,1e-06,3.00281952412e-06,1.20755715621e-15
1343.0,1e-06,3.0028216261e-06,1.20845679437e-15
1344.0,1e-06,3.00282372807e-06,1.20935643227e-15
1345.0,1e-06,3.00282583005e-06,1.2102560699e-15
1346.0,1e-06,3.00282793203e-06,1.21115570726e-15
1347.0,1e-06,3.00283003401e-06,1.21205534434e-15
1348.0,1e-06,3.00283213599e-06,1.21295498117e-15
1349.0,1e-06,3.00283423797e-06,1.21385461772e-15
1350.0,1e-06,3.00283633996e-06,1.214754254e-15
1351.0,1e-06,3.00283844195e-06,1.21565389001e-15
1352.0,1e-06,3.00284054393e-06,1.21655352576e-15
1353.0,1e-06,3.00284264592e-06,1.21745316123e-15
1354.0,1e-06,3.00284474791e-06,1.21835279644e-15
1355.0,1e-06,3.00284684991e-06,1.21925243137e-15
1356.0,1e-06,3.0028489519e-06,1.22015206604e-15
1357.0,1e-06,3.00285105389e-06,1.22105170044e-15
1358.0,1e-06,3.00285315589e-06,1.22195133457e-15
1359.0,1e-06,3.00285525789e-06,1.22285096843e-15
1360.0,1e-06,3.00285735989e-06,1.22375060202e-15
1361.0,1e-06,3.00285946189e-06,1.22465023535e-15
1362.0,1e-06,3.00286156389e-06,1.2255498684e-15
1363.0,1e-06,3.00286366589e-06,1.22644950119e-15
1364.0,1e-06,3.0028657679e-06,1.2273491337e-15
1365.0,1e-06,3.00286786991e-06,1.22824876595e-15
1366.0,1e-06,3.00286997191e-06,1.22914839793e-15
1367.0,1e-06,3.00287207392e-06,1.23004802963e-15
1368.0,1e-06,3.00287417594e-06,1.23094766107e-15
1369.0,1e-06,3.00287627795e-06,1.23184729224e-15
1370.0,1e-06,3.00287837996e-06,1.23274692315e-15
1371.0,1e-06,3.00288048198e-06,1.23364655378e-15
1372.0,1e-06,3.002882584e-06,1.23454618414e-15
1373.0,1e-06,3.00288468601e-06,1.23544581424e-15
1374.0,1e-06,3.00288678803e-06,1.23634544406e-15
1375.0,1e-06,3.00288889006e-06,1.23724507362e-15
1376.0,1e-06,3.00289099208e-06,1.23814470291e-15
1377.0,1e-06,3.0028930941e-06,1.23904433192e-15
1378.0,1e-06,3.00289519613e-06,1.23994396067e-15
1379.0,1e-06,3.00289729816e-06,1.24084358915e-15
1380.0,1e-06,3.00289940018e-06,1.24174321737e-15
1381.0,1e-06,3.00290150222e-06,1.24264284531e-15
1382.0,1e-06,3.00290360425e-06,1.24354247298e-15
1383.0,1e-06,3.00290570628e-06,1.24444210039e-15
1384.0,1e-06,3.00290780831e-06,1.24534172752e-15
1385.0,1e-06,3.00290991035e-06,1.24624135439e-15
1386.0,1e-06,3.00291201239e-06,1.24714098098e-15
1387.0,1e-06,3.00291411443e-06,1.24804060731e-15
1388.0,1e-06,3.00291621647e-06,1.24894023337e-15
1389.0,1e-06,3.00291831851e-06,1.24983985916e-15
1390.0,1e-06,3.00292042055e-06,1.25073948468e-15
1391.0,1e-06,3.0029225226e-06,1.25163910994e-15
1392.0,1e-06,3.00292462465e-06,1.25253873492e-15
1393.0,1e-06,3.00292672669e-06,1.25343835963e-15
1394.0,1e-06,3.00292882874e-06,1.25433798408e-15
1395.0,1e-06,3.00293093079e-06,1.25523760825e-15
1396.0,1e-06,3.00293303285e-06,1.25613723216e-15
1397.0,1e-06,3.0029351349e-06,1.2570368558e-15
1398.0,1e-06,3.00293723696e-06,1.25793647917e-15
1399.0,1e-06,3.00293933901e-06,1.25883610227e-15
1400.0,1e-06,3.00294144107e-06,1.2597357251e-15
1401.0,1e-06,3.00294354313e-06,1.26063534766e-15
1402.0,1e-06,3.00294564519e-06,1.26153496995e-15
1403.0,1e-06,3.00294774725e-06,1.26243459198e-15
1404.0,1e-06,3.00294984932e-06,1.26333421373e-15
1405.0,1e-06,3.00295195138e-06,1.26423383522e-15
1406.0,1e-06,3.00295405345e-06,1.26513345644e-15
1407.0,1e-06,3.00295615552e-06,1.26603307739e-15
1408.0,1e-06,3.00295825759e-06,1.26693269806e-15
1409.0,1e-06,3.00296035966e-06,1.26783231847e-15
1410.0,1e-06,3.00296246173e-06,1.26873193862e-15
1411.0,1e-06,3.00296456381e-06,1.26963155849e-15
1412.0,1e-06,3.00296666588e-06,1.27053117809e-15
1413.0,1e-06,3.00296876796e-06,1.27143079742e-15
1414.0,1e-06,3.00297087004e-06,1.27233041649e-15
1415.0,1e-06,3.00297297212e-06,1.27323003529e-15
1416.0,1e-06,3.0029750742e-06,1.27412965381e-15
1417.0,1e-06,3.00297717629e-06,1.27502927207e-15
1418.0,1e-06,3.00297927837e-06,1.27592889006e-15
1419.0,1e-06,3.00298138046e-06,1.27682850778e-15
1420.0,1e-06,3.00298348255e-06,1.27772812523e-15
1421.0,1e-06,3.00298558463e-06,1.27862774241e-15
1422.0,1e-06,3.00298768672e-06,1.27952735933e-15
1423.0,1e-06,3.00298978882e-06,1.28042697597e-15
1424.0,1e-06,3.00299189091e-06,1.28132659235e-15
1425.0,1e-06,3.00299399301e-06,1.28222620845e-15
1426.0,1e-06,3.0029960951e-06,1.28312582429e-15
1427.0,1e-06,3.0029981972e-06,1.28402543986e-15
1428.0,1e-06,3.0030002993e-06,1.28492505516e-15
1429.0,1e-06,3.0030024014e-06,1.28582467019e-15
1430.0,1e-06,3.0030045035e-06,1.28672428495e-15
1431.0,1e-06,3.00300660561e-06,1.28762389944e-15
1432.0,1e-06,3.00300870771e-06,1.28852351366e-15
1433.0,1e-06,3.00301080982e-06,1.28942312762e-15
1434.0,1e-06,3.00301291193e-06,1.2903227413e-15
1435.0,1e-06,3.00301501404e-06,1.29122235472e-15
1436.0,1e-06,3.00301711615e-06,1.29212196787e-15
1437.0,1e-06,3.00301921826e-06,1.29302158075e-15
1438.0,1e-06,3.00302132038e-06,1.29392119336e-15
1439.0,1e-06,3.00302342249e-06,1.2948208057e-15
1440.0,1e-06,3.00302552461e-06,1.29572041777e-15
1441.0,1e-06,3.00302762673e-06,1.29662002957e-15
1442.0,1e-06,3.00302972885e-06,1.2975196411e-15
1443.0,1e-06,3.00303183097e-06,1.29841925237e-15
1444.0,1e-06,3.00303393309e-06,1.29931886336e-15
1445.0,1e-06,3.00303603522e-06,1.30021847409e-15
1446.0,1e-06,3.00303813734e-06,1.30111808455e-15
1447.0,1e-06,3.00304023947e-06,1.30201769474e-15
1448.0,1e-06,3.0030423416e-06,1.30291730466e-15
1449.0,1e-06,3.00304444373e-06,1.30381691431e-15
1450.0,1e-06,3.00304654586e-06,1.30471652369e-15
1451.0,1e-06,3.00304864799e-06,1.3056161328e-15
1452.0,1e-06,3.00305075013e-06,1.30651574164e-15
1453.0,1e-06,3.00305285226e-06,1.30741535022e-15
1454.0,1e-06,3.0030549544e-06,1.30831495853e-15
1455.0,1e-06,3.00305705654e-06,1.30921456656e-15
1456.0,1e-06,3.00305915868e-06,1.31011417433e-15
1457.0,1e-06,3.00306126082e-06,1.31101378183e-15
1458.0,1e-06,3.00306336297e-06,1.31191338906e-15
1459.0,1e-06,3.00306546511e-06,1.31281299602e-15
1460.0,1e-06,3.00306756726e-06,1.31371260271e-15
1461.0,1e-06,3.00306966941e-06,1.31461220913e-15
1462.0,1e-06,3.00307177156e-06,1.31551181529e-15
1463.0,1e-06,3.00307387371e-06,1.31641142117e-15
1464.0,1e-06,3.00307597586e-06,1.31731102679e-15
1465.0,1e-06,3.00307807801e-06,1.31821063214e-15
1466.0,1e-06,3.00308018017e-06,1.31911023722e-15
1467.0,1e-06,3.00308228233e-06,1.32000984203e-15
1468.0,1e-06,3.00308438449e-06,1.32090944657e-15
1469.0,1e-06,3.00308648665e-06,1.32180905084e-15
1470.0,1e-06,3.00308858881e-06,1.32270865484e-15
1471.0,1e-06,3.00309069097e-06,1.32360825857e-15
1472.0,1e-06,3.00309279313e-06,1.32450786204e-15
1473.0,1e-06,3.0030948953e-06,1.32540746523e-15
1474.0,1e-06,3.00309699747e-06,1.32630706816e-15
1475.0,1e-06,3.00309909963e-06,1.32720667082e-15
1476.0,1e-06,3.0031012018e-06,1.32810627321e-15
1477.0,1e-06,3.00310330398e-06,1.32900587533e-15
1478.0,1e-06,3.00310540615e-06,1.32990547718e-15
1479.0,1e-06,3.00310750832e-06,1.33080507876e-15
1480.0,1e-06,3.0031096105e-06,1.33170468007e-15
1481.0,1e-06,3.00311171268e-06,1.33260428112e-15
1482.0,1e-06,3.00311381486e-06,1.33350388189e-15
1483.0,1e-06,3.00311591704e-06,1.3344034824e-15
1484.0,1e-06,3.00311801922e-06,1.33530308263e-15
1485.0,1e-06,3.0031201214e-06,1.3362026826e-15
1486.0,1e-06,3.00312222359e-06,1.3371022823e-15
1487.0,1e-06,3.00312432577e-06,1.33800188173e-15
1488.0,1e-06,3.00312642796e-06,1.33890148089e-15
1489.0,1e-06,3.00312853015e-06,1.33980107979e-15
1490.0,1e-06,3.00313063234e-06,1.34070067841e-15
1491.0,1e-06,3.00313273453e-06,1.34160027676e-15
1492.0,1e-06,3.00313483673e-06,1.34249987485e-15
1493.0,1e-06,3.00313693892e-06,1.34339947267e-15
1494.0,1e-06,3.00313904112e-06,1.34429907021e-15
1495.0,1e-06,3.00314114332e-06,1.34519866749e-15
1496.0,1e-06,3.00314324552e-06,1.3460982645e-15
1497.0,1e-06,3.00314534772e-06,1.34699786124e-15
1498.0,1e-06,3.00314744992e-06,1.34789745772e-15
1499.0,1e-06,3.00314955212e-06,1.34879705392e-15
1500.0,1e-06,3.00315165433e-06,1.34969664985e-15
1501.0,1e-06,3.00315375654e-06,1.35059624552e-15
1502.0,1e-06,3.00315585874e-06,1.35149584091e-15
1503.0,1e-06,3.00315796095e-06,1.35239543604e-15
1504.0,1e-06,3.00316006317e-06,1.3532950309e-15
1505.0,1e-06,3.00316216538e-06,1.35419462549e-15
1506.0,1e-06,3.00316426759e-06,1.35509421981e-15
1507.0,1e-06,3.00316636981e-06,1.35599381386e-15
1508.0,1e-06,3.00316847203e-06,1.35689340764e-15
1509.0,1e-06,3.00317057424e-06,1.35779300116e-15
1510.0,1e-06,3.00317267646e-06,1.3586925944e-15
1511.0,1e-06,3.00317477869e-06,1.35959218738e-15
1512.0,1e-06,3.00317688091e-06,1.36049178009e-15
1513.0,1e-06,3.00317898313e-06,1.36139137252e-15
1514.0,1e-06,3.00318108536e-06,1.36229096469e-15
1515.0,1e-06,3.00318318759e-06,1.36319055659e-15
1516.0,1e-06,3.00318528982e-06,1.36409014822e-15
1517.0,1e-06,3.00318739205e-06,1.36498973959e-15
1518.0,1e-06,3.00318949428e-06,1.36588933068e-15
1519.0,1e-06,3.00319159651e-06,1.3667889215e-15
1520.0,1e-06,3.00319369875e-06,1.36768851206e-15
1521.0,1e-06,3.00319580098e-06,1.36858810235e-15
1522.0,1e-06,3.00319790322e-06,1.36948769236e-15
1523.0,1e-06,3.00320000546e-06,1.37038728211e-15
1524.0,1e-06,3.0032021077e-06,1.37128687159e-15
1525.0,1e-06,3.00320420994e-06,1.3721864608e-15
1526.0,1e-06,3.00320631219e-06,1.37308604975e-15
1527.0,1e-06,3.00320841443e-06,1.37398563842e-15
1528.0,1e-06,3.00321051668e-06,1.37488522682e-15
1529.0,1e-06,3.00321261893e-06,1.37578481496e-15
1530.0,1e-06,3.00321472118e-06,1.37668440282e-15
1531.0,1e-06,3.00321682343e-06,1.37758399042e-15
1532.0,1e-06,3.00321892568e-06,1.37848357775e-15
1533.0,1e-06,3.00322102793e-06,1.37938316481e-15
1534.0,1e-06,3.00322313019e-06,1.3802827516e-15
1535.0,1e-06,3.00322523245e-06,1.38118233812e-15
1536.0,1e-06,3.0032273347e-06,1.38208192438e-15
1537.0,1e-06,3.00322943696e-06,1.38298151036e-15
1538.0,1e-06,3.00323153923e-06,1.38388109608e-15
1539.0,1e-06,3.00323364149e-06,1.38478068152e-15
1540.0,1e-06,3.00323574375e-06,1.3856802667e-15
1541.0,1e-06,3.00323784602e-06,1.38657985161e-15
1542.0,1e-06,3.00323994829e-06,1.38747943625e-15
1543.0,1e-06,3.00324205055e-06,1.38837902062e-15
1544.0,1e-06,3.00324415282e-06,1.38927860472e-15
1545.0,1e-06,3.0032462551e-06,1.39017818855e-15
1546.0,1e-06,3.00324835737e-06,1.39107777212e-15
1547.0,1e-06,3.00325045964e-06,1.39197735541e-15
1548.0,1e-06,3.00325256192e-06,1.39287693844e-15
1549.0,1e-06,3.0032546642e-06,1.39377652119e-15
1550.0,1e-06,3.00325676648e-06,1.39467610368e-15
1551.0,1e-06,3.00325886876e-06,1.3955756859e-15
1552.0,1e-06,3.00326097104e-06,1.39647526785e-15
1553.0,1e-06,3.00326307332e-06,1.39737484953e-15
1554.0,1e-06,3.00326517561e-06,1.39827443095e-15
1555.0,1e-06,3.00326727789e-06,1.39917401209e-15
1556.0,1e-06,3.00326938018e-06,1.40007359297e-15
1557.0,1e-06,3.00327148247e-06,1.40097317357e-15
1558.0,1e-06,3.00327358476e-06,1.40187275391e-15
1559.0,1e-06,3.00327568705e-06,1.40277233398e-15
1560.0,1e-06,3.00327778935e-06,1.40367191378e-15
1561.0,1e-06,3.00327989164e-06,1.40457149331e-15
1562.0,1e-06,3.00328199394e-06,1.40547107257e-15
1563.0,1e-06,3.00328409624e-06,1.40637065156e-15
1564.0,1e-06,3.00328619854e-06,1.40727023028e-15
1565.0,1e-06,3.00328830084e-06,1.40816980874e-15
1566.0,1e-06,3.00329040314e-06,1.40906938693e-15
1567.0,1e-06,3.00329250544e-06,1.40996896484e-15
1568.0,1e-06,3.00329460775e-06,1.41086854249e-15
1569.0,1e-06,3.00329671006e-06,1.41176811987e-15
1570.0,1e-06,3.00329881237e-06,1.41266769698e-15
1571.0,1e-06,3.00330091468e-06,1.41356727382e-15
1572.0,1e-06,3.00330301699e-06,1.41446685039e-15
1573.0,1e-06,3.0033051193e-06,1.4153664267e-15
1574.0,1e-06,3.00330722161e-06,1.41626600273e-15
1575.0,1e-06,3.00330932393e-06,1.4171655785e-15
1576.0,1e-06,3.00331142625e-06,1.418065154e-15
1577.0,1e-06,3.00331352857e-06,1.41896472922e-15
1578.0,1e-06,3.00331563089e-06,1.41986430418e-15
1579.0,1e-06,3.00331773321e-06,1.42076387887e-15
1580.0,1e-06,3.00331983553e-06,1.4216634533e-15
1581.0,1e-06,3.00332193786e-06,1.42256302745e-15
1582.0,1e-06,3.00332404018e-06,1.42346260133e-15
1583.0,1e-06,3.00332614251e-06,1.42436217495e-15
1584.0,1e-06,3.00332824484e-06,1.42526174829e-15
1585.0,1e-06,3.00333034717e-06,1.42616132137e-15
1586.0,1e-06,3.0033324495e-06,1.42706089418e-15
1587.0,1e-06,3.00333455183e-06,1.42796046672e-15
1588.0,1e-06,3.00333665417e-06,1.42886003899e-15
1589.0,1e-06,3.00333875651e-06,1.42975961099e-15
1590.0,1e-06,3.00334085884e-06,1.43065918272e-15
1591.0,1e-06,3.00334296118e-06,1.43155875419e-15
1592.0,1e-06,3.00334506352e-06,1.43245832538e-15
1593.0,1e-06,3.00334716587e-06,1.43335789631e-15
1594.0,1e-06,3.00334926821e-06,1.43425746697e-15
1595.0,1e-06,3.00335137055e-06,1.43515703736e-15
1596.0,1e-06,3.0033534729e-06,1.43605660748e-15
1597.0,1e-06,3.00335557525e-06,1.43695617733e-15
1598.0,1e-06,3.0033576776e-06,1.43785574691e-15
1599.0,1e-06,3.00335977995e-06,1.43875531622e-15
1600.0,1e-06,3.0033618823e-06,1.43965488527e-15
1601.0,1e-06,3.00336398466e-06,1.44055445404e-15
1602.0,1e-06,3.00336608701e-06,1.44145402255e-15
1603.0,1e-06,3.00336818937e-06,1.44235359079e-15
1604.0,1e-06,3.00337029173e-06,1.44325315875e-15
1605.0,1e-06,3.00337239409e-06,1.44415272645e-15
1606.0,1e-06,3.00337449645e-06,1.44505229389e-15
1607.0,1e-06,3.00337659881e-06,1.44595186105e-15
1608.0,1e-06,3.00337870118e-06,1.44685142794e-15
1609.0,1e-06,3.00338080354e-06,1.44775099457e-15
1610.0,1e-06,3.00338290591e-06,1.44865056092e-15
1611.0,1e-06,3.00338500828e-06,1.44955012701e-15
1612.0,1e-06,3.00338711065e-06,1.45044969283e-15
1613.0,1e-06,3.00338921302e-06,1.45134925837e-15
1614.0,1e-06,3.00339131539e-06,1.45224882366e-15
1615.0,1e-06,3.00339341777e-06,1.45314838867e-15
1616.0,1e-06,3.00339552014e-06,1.45404795341e-15
1617.0,1e-06,3.00339762252e-06,1.45494751788e-15
1618.0,1e-06,3.0033997249e-06,1.45584708209e-15
1619.0,1e-06,3.00340182728e-06,1.45674664602e-15
1620.0,1e-06,3.00340392966e-06,1.45764620969e-15
1621.0,1e-06,3.00340603205e-06,1.45854577309e-15
1622.0,1e-06,3.00340813443e-06,1.45944533622e-15
1623.0,1e-06,3.00341023682e-06,1.46034489908e-15
1624.0,1e-06,3.00341233921e-06,1.46124446167e-15
1625.0,1e-06,3.0034144416e-06,1.46214402399e-15
1626.0,1e-06,3.00341654399e-06,1.46304358605e-15
1627.0,1e-06,3.00341864638e-06,1.46394314783e-15
1628.0,1e-06,3.00342074877e-06,1.46484270935e-15
1629.0,1e-06,3.00342285117e-06,1.4657422706e-15
1630.0,1e-06,3.00342495356e-06,1.46664183158e-15
1631.0,1e-06,3.00342705596e-06,1.46754139228e-15
1632.0,1e-06,3.00342915836e-06,1.46844095273e-15
1633.0,1e-06,3.00343126076e-06,1.4693405129e-15
1634.0,1e-06,3.00343336317e-06,1.4702400728e-15
1635.0,1e-06,3.00343546557e-06,1.47113963244e-15
1636.0,1e-06,3.00343756798e-06,1.4720391918e-15
1637.0,1e-06,3.00343967038e-06,1.4729387509e-15
1638.0,1e-06,3.00344177279e-06,1.47383830973e-15
1639.0,1e-06,3.0034438752e-06,1.47473786829e-15
1640.0,1e-06,3.00344597761e-06,1.47563742658e-15
1641.0,1e-06,3.00344808003e-06,1.4765369846e-15
1642.0,1e-06,3.00345018244e-06,1.47743654235e-15
1643.0,1e-06,3.00345228486e-06,1.47833609983e-15
1644.0,1e-06,3.00345438727e-06,1.47923565705e-15
1645.0,1e-06,3.00345648969e-06,1.48013521399e-15
1646.0,1e-06,3.00345859211e-06,1.48103477067e-15
1647.0,1e-06,3.00346069453e-06,1.48193432708e-15
1648.0,1e-06,3.00346279696e-06,1.48283388322e-15
1649.0,1e-06,3.00346489938e-06,1.48373343909e-15
1650.0,1e-06,3.00346700181e-06,1.48463299469e-15
1651.0,1e-06,3.00346910424e-06,1.48553255003e-15
1652.0,1e-06,3.00347120666e-06,1.48643210509e-15
1653.0,1e-06,3.0034733091e-06,1.48733165989e-15
1654.0,1e-06,3.00347541153e-06,1.48823121441e-15
1655.0,1e-06,3.00347751396e-06,1.48913076867e-15
1656.0,1e-06,3.0034796164e-06,1.49003032266e-15
1657.0,1e-06,3.00348171883e-06,1.49092987638e-15
1658.0,1e-06,3.00348382127e-06,1.49182942983e-15
1659.0,1e-06,3.00348592371e-06,1.49272898301e-15
1660.0,1e-06,3.00348802615e-06,1.49362853593e-15
1661.0,1e-06,3.00349012859e-06,1.49452808857e-15
1662.0,1e-06,3.00349223104e-06,1.49542764095e-15
1663.0,1e-06,3.00349433348e-06,1.49632719305e-15
1664.0,1e-06,3.00349643593e-06,1.49722674489e-15
1665.0,1e-06,3.00349853838e-06,1.49812629646e-15
1666.0,1e-06,3.00350064083e-06,1.49902584776e-15
1667.0,1e-06,3.00350274328e-06,1.4999253988e-15
1668.0,1e-06,3.00350484573e-06,1.50082494956e-15
1669.0,1e-06,3.00350694818e-06,1.50172450005e-15
1670.0,1e-06,3.00350905064e-06,1.50262405028e-15
1671.0,1e-06,3.0035111531e-06,1.50352360024e-15
1672.0,1e-06,3.00351325556e-06,1.50442314992e-15
1673.0,1e-06,3.00351535802e-06,1.50532269934e-15
1674.0,1e-06,3.00351746048e-06,1.50622224849e-15
1675.0,1e-06,3.00351956294e-06,1.50712179737e-15
1676.0,1e-06,3.0035216654e-06,1.50802134599e-15
1677.0,1e-06,3.00352376787e-06,1.50892089433e-15
1678.0,1e-06,3.00352587034e-06,1.50982044241e-15
1679.0,1e-06,3.00352797281e-06,1.51071999021e-15
1680.0,1e-06,3.00353007528e-06,1.51161953775e-15
1681.0,1e-06,3.00353217775e-06,1.51251908502e-15
1682.0,1e-06,3.00353428022e-06,1.51341863202e-15
1683.0,1e-06,3.0035363827e-06,1.51431817875e-15
1684.0,1e-06,3.00353848517e-06,1.51521772521e-15
1685.0,1e-06,3.00354058765e-06,1.5161172714e-15
1686.0,1e-06,3.00354269013e-06,1.51701681733e-15
1687.0,1e-06,3.00354479261e-06,1.51791636299e-15
1688.0,1e-06,3.00354689509e-06,1.51881590837e-15
1689.0,1e-06,3.00354899758e-06,1.51971545349e-15
1690.0,1e-06,3.00355110006e-06,1.52061499834e-15
1691.0,1e-06,3.00355320255e-06,1.52151454292e-15
1692.0,1e-06,3.00355530504e-06,1.52241408723e-15
1693.0,1e-06,3.00355740753e-06,1.52331363128e-15
1694.0,1e-06,3.00355951002e-06,1.52421317505e-15
1695.0,1e-06,3.00356161251e-06,1.52511271856e-15
1696.0,1e-06,3.003563715e-06,1.52601226179e-15
1697.0,1e-06,3.0035658175e-06,1.52691180476e-15
1698.0,1e-06,3.00356791999e-06,1.52781134746e-15
1699.0,1e-06,3.00357002249e-06,1.52871088989e-15
1700.0,1e-06,3.00357212499e-06,1.52961043205e-15
1701.0,1e-06,3.00357422749e-06,1.53050997394e-15
1702.0,1e-06,3.00357633e-06,1.53140951557e-15
1703.0,1e-06,3.0035784325e-06,1.53230905692e-15
1704.0,1e-06,3.00358053501e-06,1.53320859801e-15
1705.0,1e-06,3.00358263751e-06,1.53410813883e-15
1706.0,1e-06,3.00358474002e-06,1.53500767937e-15
1707.0,1e-06,3.00358684253e-06,1.53590721965e-15
1708.0,1e-06,3.00358894504e-06,1.53680675967e-15
1709.0,1e-06,3.00359104756e-06,1.53770629941e-15
1710.0,1e-06,3.00359315007e-06,1.53860583888e-15
1711.0,1e-06,3.00359525259e-06,1.53950537809e-15
1712.0,1e-06,3.0035973551e-06,1.54040491702e-15
1713.0,1e-06,3.00359945762e-06,1.54130445569e-15
1714.0,1e-06,3.00360156014e-06,1.54220399409e-15
1715.0,1e-06,3.00360366267e-06,1.54310353222e-15
1716.0,1e-06,3.00360576519e-06,1.54400307008e-15
1717.0,1e-06,3.00360786771e-06,1.54490260767e-15
1718.0,1e-06,3.00360997024e-06,1.54580214499e-15
1719.0,1e-06,3.00361207277e-06,1.54670168205e-15
1720.0,1e-06,3.0036141753e-06,1.54760121883e-15
1721.0,1e-06,3.00361627783e-06,1.54850075535e-15
1722.0,1e-06,3.00361838036e-06,1.5494002916e-15
1723.0,1e-06,3.00362048289e-06,1.55029982758e-15
1724.0,1e-06,3.00362258543e-06,1.55119936329e-15
1725.0,1e-06,3.00362468796e-06,1.55209889873e-15
1726.0,1e-06,3.0036267905e-06,1.5529984339e-15
1727.0,1e-06,3.00362889304e-06,1.55389796881e-15
1728.0,1e-06,3.00363099558e-06,1.55479750344e-15
1729.0,1e-06,3.00363309813e-06,1.55569703781e-15
1730.0,1e-06,3.00363520067e-06,1.55659657191e-15
1731.0,1e-06,3.00363730322e-06,1.55749610574e-15
1732.0,1e-06,3.00363940576e-06,1.5583956393e-15
1733.0,1e-06,3.00364150831e-06,1.55929517259e-15
1734.0,1e-06,3.00364361086e-06,1.56019470561e-15
1735.0,1e-06,3.00364571341e-06,1.56109423837e-15
1736.0,1e-06,3.00364781596e-06,1.56199377085e-15
1737.0,1e-06,3.00364991852e-06,1.56289330307e-15
1738.0,1e-06,3.00365202107e-06,1.56379283502e-15
1739.0,1e-06,3.00365412363e-06,1.5646923667e-15
1740.0,1e-06,3.00365622619e-06,1.56559189811e-15
1741.0,1e-06,3.00365832875e-06,1.56649142925e-15
1742.0,1e-06,3.00366043131e-06,1.56739096012e-15
1743.0,1e-06,3.00366253387e-06,1.56829049073e-15
1744.0,1e-06,3.00366463644e-06,1.56919002106e-15
1745.0,1e-06,3.003666739e-06,1.57008955113e-15
1746.0,1e-06,3.00366884157e-06,1.57098908093e-15
1747.0,1e-06,3.00367094414e-06,1.57188861045e-15
1748.0,1e-06,3.00367304671e-06,1.57278813971e-15
1749.0,1e-06,3.00367514928e-06,1.57368766871e-15
1750.0,1e-06,3.00367725186e-06,1.57458719743e-15
1751.0,1e-06,3.00367935443e-06,1.57548672588e-15
1752.0,1e-06,3.00368145701e-06,1.57638625407e-15
1753.0,1e-06,3.00368355959e-06,1.57728578198e-15
1754.0,1e-06,3.00368566217e-06,1.57818530963e-15
1755.0,1e-06,3.00368776475e-06,1.57908483701e-15
1756.0,1e-06,3.00368986733e-06,1.57998436412e-15
1757.0,1e-06,3.00369196991e-06,1.58088389096e-15
1758.0,1e-06,3.0036940725e-06,1.58178341754e-15
1759.0,1e-06,3.00369617508e-06,1.58268294384e-15
1760.0,1e-06,3.00369827767e-06,1.58358246987e-15
1761.0,1e-06,3.00370038026e-06,1.58448199564e-15
1762.0,1e-06,3.00370248285e-06,1.58538152114e-15
1763.0,1e-06,3.00370458544e-06,1.58628104637e-15
1764.0,1e-06,3.00370668804e-06,1.58718057133e-15
1765.0,1e-06,3.00370879063e-06,1.58808009602e-15
1766.0,1e-06,3.00371089323e-06,1.58897962044e-15
1767.0,1e-06,3.00371299583e-06,1.5898791446e-15
1768.0,1e-06,3.00371509843e-06,1.59077866848e-15
1769.0,1e-06,3.00371720103e-06,1.5916781921e-15
1770.0,1e-06,3.00371930363e-06,1.59257771545e-15
1771.0,1e-06,3.00372140624e-06,1.59347723852e-15
1772.0,1e-06,3.00372350884e-06,1.59437676133e-15
1773.0,1e-06,3.00372561145e-06,1.59527628388e-15
1774.0,1e-06,3.00372771406e-06,1.59617580615e-15
1775.0,1e-06,3.00372981667e-06,1.59707532815e-15
1776.0,1e-06,3.00373191928e-06,1.59797484989e-15
1777.0,1e-06,3.00373402189e-06,1.59887437135e-15
1778.0,1e-06,3.00373612451e-06,1.59977389255e-15
1779.0,1e-06,3.00373822712e-06,1.60067341348e-15
1780.0,1e-06,3.00374032974e-06,1.60157293414e-15
1781.0,1e-06,3.00374243236e-06,1.60247245453e-15
1782.0,1e-06,3.00374453498e-06,1.60337197466e-15
1783.0,1e-06,3.0037466376e-06,1.60427149451e-15
1784.0,1e-06,3.00374874023e-06,1.6051710141e-15
1785.0,1e-06,3.00375084285e-06,1.60607053341e-15
1786.0,1e-06,3.00375294548e-06,1.60697005246e-15
1787.0,1e-06,3.00375504811e-06,1.60786957124e-15
1788.0,1e-06,3.00375715073e-06,1.60876908975e-15
1789.0,1e-06,3.00375925337e-06,1.60966860799e-15
1790.0,1e-06,3.003761356e-06,1.61056812597e-15
1791.0,1e-06,3.00376345863e-06,1.61146764367e-15
1792.0,1e-06,3.00376556127e-06,1.61236716111e-15
1793.0,1e-06,3.0037676639e-06,1.61326667827e-15
1794.0,1e-06,3.00376976654e-06,1.61416619517e-15
1795.0,1e-06,3.00377186918e-06,1.6150657118e-15
1796.0,1e-06,3.00377397182e-06,1.61596522816e-15
1797.0,1e-06,3.00377607446e-06,1.61686474425e-15
1798.0,1e-06,3.00377817711e-06,1.61776426008e-15
1799.0,1e-06,3.00378027975e-06,1.61866377563e-15
1800.0,1e-06,3.0037823824e-06,1.61956329092e-15
