time,GlucoseGA3P,GA3PDHAP,DHAPG3P,G3PGlycerol,GA3PPyruvate,PyruvateAlphaAcetolactate,AlphaAcetolactateDiacetyl,DiacetylAcetoin,AcetoinBDO,PyruvateAcetylaldehyde,AcetylaldehydeAcetoin,AcetylaldehydeAcetate,AcetateEthanol,Glucose,GA3P,DHAP,G3P,Glycerol,Pyruvate,AlphaAcetolactate,Diacetyl,Acetoin,BDO,Acetylaldehyde,Acetate,Ethanol
0.0,1e-06,1e-06,1e-06,1e-06,1e-07,1e-06,1e-06,1e-06,1e-06,1e-06,1e-06,1e-06,1e-06,0.001,0,0,0,0,0,0,0,0,0,0,0,0
1.0,1e-06,1e-06,1e-06,1e-06,1e-07,1e-06,1e-06,1e-06,1e-06,1e-06,1e-06,1e-06,1e-06,0.000999236200286,1.66666666667e+99,0.0,0.0,0.0,1.66666666667e+99,0.0,0.0,0.0,0.0,0.0,0.0,0.0
2.0,1e-06,1e-06,1e-06,1e-06,1e-07,1e-06,1e-06,1e-06,1e-06,1e-06,1e-06,1e-06,1e-06,0.000998472579018,1.66666666667e+99,0.0,0.0,0.0,1.66666666667e+99,0.0,0.0,0.0,0.0,0.0,0.0,0.0
3.0,1e-06,1e-06,1e-06,1e-06,1e-07,1e-06,1e-06,1e-06,1e-06,1e-06,1e-06,1e-06,1e-06,0.000997709136346,1.66666666667e+99,0.0,0.0,0.0,1.66666666667e+99,0.0,0.0,0.0,0.0,0.0,0.0,0.0
4.0,1e-06,1e-06,1e-06,1e-06,1e-07,1e-06,1e-06,1e-06,1e-06,1e-06,1e-06,1e-06,1e-06,0.000996945872417,1.66666666667e+99,0.0,0.0,0.0,1.66666666667e+99,0.0,0.0,0.0,0.0,0.0,0.0,0.0
5.0,1e-06,1e-06,1e-06,1e-06,1e-07,1e-06,1e-06,1e-06,1e-06,1e-06,1e-06,1e-06,1e-06,0.000996182787379,1.66666666667e+99,0.0,0.0,0.0,1.66666666667e+99,0.0,0.0,0.0,0.0,0.0,0.0,0.0
6.0,1e-06,1e-06,1e-06,1e-06,1e-07,1e-06,1e-06,1e-06,1e-06,1e-06,1e-06,1e-06,1e-06,0.00099541988138,1.66666666667e+99,0.0,0.0,0.0,1.66666666667e+99,0.0,0.0,0.0,0.0,0.0,0.0,0.0
7.0,1e-06,1e-06,1e-06,1e-06,1e-07,1e-06,1e-06,1e-06,1e-06,1e-06,1e-06,1e-06,1e-06,0.000994657154568,1.66666666667e+99,0.0,0.0,0.0,1.66666666667e+99,0.0,0.0,0.0,0.0,0.0,0.0,0.0
8.0,1e-06,1e-06,1e-06,1e-06,1e-07,1e-06,1e-06,1e-06,1e-06,1e-06,1e-06,1e-06,1e-06,0.000993894607093,1.66666666667e+99,0.0,0.0,0.0,1.66666666667e+99,0.0,0.0,0.0,0.0,0.0,0.0,0.0
9.0,1e-06,1e-06,1e-06,1e-06,1e-07,1e-06,1e-06,1e-06,1e-06,1e-06,1e-06,1e-06,1e-06,0.000993132239101,1.66666666667e+99,0.0,0.0,0.0,1.66666666667e+99,0.0,0.0,0.0,0.0,0.0,0.0,0.0
10.0,1e-06,1e-06,1e-06,1e-06,1e-07,1e-06,1e-06,1e-06,1e-06,1e-06,1e-06,1e-06,1e-06,0.000992370050743,1.66666666667e+99,0.0,0.0,0.0,1.66666666667e+99,0.0,0.0,0.0,0.0,0.0,0.0,0.0
11.0,1e-06,1e-06,1e-06,1e-06,1e-07,1e-06,1e-06,1e-06,1e-06,1e-06,1e-06,1e-06,1e-06,0.000991608042167,1.66666666667e+99,0.0,0.0,0.0,1.66666666667e+99,0.0,0.0,0.0,0.0,0.0,0.0,0.0
12.0,1e-06,1e-06,1e-06,1e-06,1e-07,1e-06,1e-06,1e-06,1e-06,1e-06,1e-06,1e-06,1e-06,0.000990846213521,1.66666666667e+99,0.0,0.0,0.0,1.66666666667e+99,0.0,0.0,0.0,0.0,0.0,0.0,0.0
13.0,1e-06,1e-06,1e-06,1e-06,1e-07,1e-06,1e-06,1e-06,1e-06,1e-06,1e-06,1e-06,1e-06,0.000990084564956,1.66666666667e+99,0.0,0.0,0.0,1.66666666667e+99,0.0,0.0,0.0,0.0,0.0,0.0,0.0
14.0,1e-06,1e-06,1e-06,1e-06,1e-07,1e-06,1e-06,1e-06,1e-06,1e-06,1e-06,1e-06,1e-06,0.00098932309662,1.66666666667e+99,0.0,0.0,0.0,1.66666666667e+99,0.0,0.0,0.0,0.0,0.0,0.0,0.0
15.0,1e-06,1e-06,1e-06,1e-06,1e-07,1e-06,1e-06,1e-06,1e-06,1e-06,1e-06,1e-06,1e-06,0.000988561808662,1.66666666667e+99,0.0,0.0,0.0,1.66666666667e+99,0.0,0.0,0.0,0.0,0.0,0.0,0.0
16.0,1e-06,1e-06,1e-06,1e-06,1e-07,1e-06,1e-06,1e-06,1e-06,1e-06,1e-06,1e-06,1e-06,0.000987800701232,1.66666666667e+99,0.0,0.0,0.0,1.66666666667e+99,0.0,0.0,0.0,0.0,0.0,0.0,0.0
17.0,1e-06,1e-06,1e-06,1e-06,1e-07,1e-06,1e-06,1e-06,1e-06,1e-06,1e-06,1e-06,1e-06,0.000987039774481,1.66666666667e+99,0.0,0.0,0.0,1.66666666667e+99,0.0,0.0,0.0,0.0,0.0,0.0,0.0
18.0,1e-06,1e-06,1e-06,1e-06,1e-07,1e-06,1e-06,1e-06,1e-06,1e-06,1e-06,1e-06,1e-06,0.000986279028556,1.66666666667e+99,0.0,0.0,0.0,1.66666666667e+99,0.0,0.0,0.0,0.0,0.0,0.0,0.0
19.0,1e-06,1e-06,1e-06,1e-06,1e-07,1e-06,1e-06,1e-06,1e-06,1e-06,1e-06,1e-06,1e-06,0.000985518463609,1.66666666667e+99,0.0,0.0,0.0,1.66666666667e+99,0.0,0.0,0.0,0.0,0.0,0.0,0.0
20.0,1e-06,1e-06,1e-06,1e-06,1e-07,1e-06,1e-06,1e-06,1e-06,1e-06,1e-06,1e-06,1e-06,0.00098475807979,1.66666666667e+99,0.0,0.0,0.0,1.66666666667e+99,0.0,0.0,0.0,0.0,0.0,0.0,0.0
21.0,1e-06,1e-06,1e-06,1e-06,1e-07,1e-06,1e-06,1e-06,1e-06,1e-06,1e-06,1e-06,1e-06,0.000983997877248,1.66666666667e+99,0.0,0.0,0.0,1.66666666667e+99,0.0,0.0,0.0,0.0,0.0,0.0,0.0
22.0,1e-06,1e-06,1e-06,1e-06,1e-07,1e-06,1e-06,1e-06,1e-06,1e-06,1e-06,1e-06,1e-06,0.000983237856134,1.66666666667e+99,0.0,0.0,0.0,1.66666666667e+99,0.0,0.0,0.0,0.0,0.0,0.0,0.0
23.0,1e-06,1e-06,1e-06,1e-06,1e-07,1e-06,1e-06,1e-06,1e-06,1e-06,1e-06,1e-06,1e-06,0.000982478016599,1.66666666667e+99,0.0,0.0,0.0,1.66666666667e+99,0.0,0.0,0.0,0.0,0.0,0.0,0.0
24.0,1e-06,1e-06,1e-06,1e-06,1e-07,1e-06,1e-06,1e-06,1e-06,1e-06,1e-06,1e-06,1e-06,0.000981718358792,1.66666666667e+99,0.0,0.0,0.0,1.66666666667e+99,0.0,0.0,0.0,0.0,0.0,0.0,0.0
25.0,1e-06,1e-06,1e-06,1e-06,1e-07,1e-06,1e-06,1e-06,1e-06,1e-06,1e-06,1e-06,1e-06,0.000980958882866,1.66666666667e+99,0.0,0.0,0.0,1.66666666667e+99,0.0,0.0,0.0,0.0,0.0,0.0,0.0
26.0,1e-06,1e-06,1e-06,1e-06,1e-07,1e-06,1e-06,1e-06,1e-06,1e-06,1e-06,1e-06,1e-06,0.00098019958897,1.66666666667e+99,0.0,0.0,0.0,1.66666666667e+99,0.0,0.0,0.0,0.0,0.0,0.0,0.0
27.0,1e-06,1e-06,1e-06,1e-06,1e-07,1e-06,1e-06,1e-06,1e-06,1e-06,1e-06,1e-06,1e-06,0.000979440477255,1.66666666667e+99,0.0,0.0,0.0,1.66666666667e+99,0.0,0.0,0.0,0.0,0.0,0.0,0.0
28.0,1e-06,1e-06,1e-06,1e-06,1e-07,1e-06,1e-06,1e-06,1e-06,1e-06,1e-06,1e-06,1e-06,0.000978681547873,1.66666666667e+99,0.0,0.0,0.0,1.66666666667e+99,0.0,0.0,0.0,0.0,0.0,0.0,0.0
29.0,1e-06,1e-06,1e-06,1e-06,1e-07,1e-06,1e-06,1e-06,1e-06,1e-06,1e-06,1e-06,1e-06,0.000977922800975,1.66666666667e+99,0.0,0.0,0.0,1.66666666667e+99,0.0,0.0,0.0,0.0,0.0,0.0,0.0
30.0,1e-06,1e-06,1e-06,1e-06,1e-07,1e-06,1e-06,1e-06,1e-06,1e-06,1e-06,1e-06,1e-06,0.000977164236713,1.66666666667e+99,0.0,0.0,0.0,1.66666666667e+99,0.0,0.0,0.0,0.0,0.0,0.0,0.0
31.0,1e-06,1e-06,1e-06,1e-06,1e-07,1e-06,1e-06,1e-06,1e-06,1e-06,1e-06,1e-06,1e-06,0.000976405855237,1.66666666667e+99,0.0,0.0,0.0,1.66666666667e+99,0.0,0.0,0.0,0.0,0.0,0.0,0.0
32.0,1e-06,1e-06,1e-06,1e-06,1e-07,1e-06,1e-06,1e-06,1e-06,1e-06,1e-06,1e-06,1e-06,0.0009756476567,1.66666666667e+99,0.0,0.0,0.0,1.66666666667e+99,0.0,0.0,0.0,0.0,0.0,0.0,0.0
33.0,1e-06,1e-06,1e-06,1e-06,1e-07,1e-06,1e-06,1e-06,1e-06,1e-06,1e-06,1e-06,1e-06,0.000974889641253,1.66666666667e+99,0.0,0.0,0.0,1.66666666667e+99,0.0,0.0,0.0,0.0,0.0,0.0,0.0
34.0,1e-06,1e-06,1e-06,1e-06,1e-07,1e-06,1e-06,1e-06,1e-06,1e-06,1e-06,1e-06,1e-06,0.000974131809049,1.66666666667e+99,0.0,0.0,0.0,1.66666666667e+99,0.0,0.0,0.0,0.0,0.0,0.0,0.0
35.0,1e-06,1e-06,1e-06,1e-06,1e-07,1e-06,1e-06,1e-06,1e-06,1e-06,1e-06,1e-06,1e-06,0.000973374160239,1.66666666667e+99,0.0,0.0,0.0,1.66666666667e+99,0.0,0.0,0.0,0.0,0.0,0.0,0.0
36.0,1e-06,1e-06,1e-06,1e-06,1e-07,1e-06,1e-06,1e-06,1e-06,1e-06,1e-06,1e-06,1e-06,0.000972616694976,1.66666666667e+99,0.0,0.0,0.0,1.66666666667e+99,0.0,0.0,0.0,0.0,0.0,0.0,0.0
37.0,1e-06,1e-06,1e-06,1e-06,1e-07,1e-06,1e-06,1e-06,1e-06,1e-06,1e-06,1e-06,1e-06,0.000971859413412,1.66666666667e+99,0.0,0.0,0.0,1.66666666667e+99,0.0,0.0,0.0,0.0,0.0,0.0,0.0
38.0,1e-06,1e-06,1e-06,1e-06,1e-07,1e-06,1e-06,1e-06,1e-06,1e-06,1e-06,1e-06,1e-06,0.000971102315699,1.66666666667e+99,0.0,0.0,0.0,1.66666666667e+99,0.0,0.0,0.0,0.0,0.0,0.0,0.0
39.0,1e-06,1e-06,1e-06,1e-06,1e-07,1e-06,1e-06,1e-06,1e-06,1e-06,1e-06,1e-06,1e-06,0.00097034540199,1.66666666667e+99,0.0,0.0,0.0,1.66666666667e+99,0.0,0.0,0.0,0.0,0.0,0.0,0.0
40.0,1e-06,1e-06,1e-06,1e-06,1e-07,1e-06,1e-06,1e-06,1e-06,1e-06,1e-06,1e-06,1e-06,0.000969588672439,1.66666666667e+99,0.0,0.0,0.0,1.66666666667e+99,0.0,0.0,0.0,0.0,0.0,0.0,0.0
41.0,1e-06,1e-06,1e-06,1e-06,1e-07,1e-06,1e-06,1e-06,1e-06,1e-06,1e-06,1e-06,1e-06,0.000968832127197,1.66666666667e+99,0.0,0.0,0.0,1.66666666667e+99,0.0,0.0,0.0,0.0,0.0,0.0,0.0
42.0,1e-06,1e-06,1e-06,1e-06,1e-07,1e-06,1e-06,1e-06,1e-06,1e-06,1e-06,1e-06,1e-06,0.000968075766417,1.66666666667e+99,0.0,0.0,0.0,1.66666666667e+99,0.0,0.0,0.0,0.0,0.0,0.0,0.0
43.0,1e-06,1e-06,1e-06,1e-06,1e-07,1e-06,1e-06,1e-06,1e-06,1e-06,1e-06,1e-06,1e-06,0.000967319590254,1.66666666667e+99,0.0,0.0,0.0,1.66666666667e+99,0.0,0.0,0.0,0.0,0.0,0.0,0.0
44.0,1e-06,1e-06,1e-06,1e-06,1e-07,1e-06,1e-06,1e-06,1e-06,1e-06,1e-06,1e-06,1e-06,0.000966563598861,1.66666666667e+99,0.0,0.0,0.0,1.66666666667e+99,0.0,0.0,0.0,0.0,0.0,0.0,0.0
45.0,1e-06,1e-06,1e-06,1e-06,1e-07,1e-06,1e-06,1e-06,1e-06,1e-06,1e-06,1e-06,1e-06,0.00096580779239,1.66666666667e+99,0.0,0.0,0.0,1.66666666667e+99,0.0,0.0,0.0,0.0,0.0,0.0,0.0
46.0,1e-06,1e-06,1e-06,1e-06,1e-07,1e-06,1e-06,1e-06,1e-06,1e-06,1e-06,1e-06,1e-06,0.000965052170995,1.66666666667e+99,0.0,0.0,0.0,1.66666666667e+99,0.0,0.0,0.0,0.0,0.0,0.0,0.0
47.0,1e-06,1e-06,1e-06,1e-06,1e-07,1e-06,1e-06,1e-06,1e-06,1e-06,1e-06,1e-06,1e-06,0.00096429673483,1.66666666667e+99,0.0,0.0,0.0,1.66666666667e+99,0.0,0.0,0.0,0.0,0.0,0.0,0.0
48.0,1e-06,1e-06,1e-06,1e-06,1e-07,1e-06,1e-06,1e-06,1e-06,1e-06,1e-06,1e-06,1e-06,0.00096354148405,1.66666666667e+99,0.0,0.0,0.0,1.66666666667e+99,0.0,0.0,0.0,0.0,0.0,0.0,0.0
49.0,1e-06,1e-06,1e-06,1e-06,1e-07,1e-06,1e-06,1e-06,1e-06,1e-06,1e-06,1e-06,1e-06,0.000962786418807,1.66666666667e+99,0.0,0.0,0.0,1.66666666667e+99,0.0,0.0,0.0,0.0,0.0,0.0,0.0
50.0,1e-06,1e-06,1e-06,1e-06,1e-07,1e-06,1e-06,1e-06,1e-06,1e-06,1e-06,1e-06,1e-06,0.000962031539256,1.66666666667e+99,0.0,0.0,0.0,1.66666666667e+99,0.0,0.0,0.0,0.0,0.0,0.0,0.0
51.0,1e-06,1e-06,1e-06,1e-06,1e-07,1e-06,1e-06,1e-06,1e-06,1e-06,1e-06,1e-06,1e-06,0.000961276845552,1.66666666667e+99,0.0,0.0,0.0,1.66666666667e+99,0.0,0.0,0.0,0.0,0.0,0.0,0.0
52.0,1e-06,1e-06,1e-06,1e-06,1e-07,1e-06,1e-06,1e-06,1e-06,1e-06,1e-06,1e-06,1e-06,0.000960522337848,1.66666666667e+99,0.0,0.0,0.0,1.66666666667e+99,0.0,0.0,0.0,0.0,0.0,0.0,0.0
53.0,1e-06,1e-06,1e-06,1e-06,1e-07,1e-06,1e-06,1e-06,1e-06,1e-06,1e-06,1e-06,1e-06,0.0009597680163,1.66666666667e+99,0.0,0.0,0.0,1.66666666667e+99,0.0,0.0,0.0,0.0,0.0,0.0,0.0
54.0,1e-06,1e-06,1e-06,1e-06,1e-07,1e-06,1e-06,1e-06,1e-06,1e-06,1e-06,1e-06,1e-06,0.000959013881062,1.66666666667e+99,0.0,0.0,0.0,1.66666666667e+99,0.0,0.0,0.0,0.0,0.0,0.0,0.0
55.0,1e-06,1e-06,1e-06,1e-06,1e-07,1e-06,1e-06,1e-06,1e-06,1e-06,1e-06,1e-06,1e-06,0.000958259932289,1.66666666667e+99,0.0,0.0,0.0,1.66666666667e+99,0.0,0.0,0.0,0.0,0.0,0.0,0.0
56.0,1e-06,1e-06,1e-06,1e-06,1e-07,1e-06,1e-06,1e-06,1e-06,1e-06,1e-06,1e-06,1e-06,0.000957506170135,1.66666666667e+99,0.0,0.0,0.0,1.66666666667e+99,0.0,0.0,0.0,0.0,0.0,0.0,0.0
57.0,1e-06,1e-06,1e-06,1e-06,1e-07,1e-06,1e-06,1e-06,1e-06,1e-06,1e-06,1e-06,1e-06,0.000956752594756,1.66666666667e+99,0.0,0.0,0.0,1.66666666667e+99,0.0,0.0,0.0,0.0,0.0,0.0,0.0
58.0,1e-06,1e-06,1e-06,1e-06,1e-07,1e-06,1e-06,1e-06,1e-06,1e-06,1e-06,1e-06,1e-06,0.000955999206307,1.66666666667e+99,0.0,0.0,0.0,1.66666666667e+99,0.0,0.0,0.0,0.0,0.0,0.0,0.0
59.0,1e-06,1e-06,1e-06,1e-06,1e-07,1e-06,1e-06,1e-06,1e-06,1e-06,1e-06,1e-06,1e-06,0.000955246004944,1.66666666667e+99,0.0,0.0,0.0,1.66666666667e+99,0.0,0.0,0.0,0.0,0.0,0.0,0.0
60.0,1e-06,1e-06,1e-06,1e-06,1e-07,1e-06,1e-06,1e-06,1e-06,1e-06,1e-06,1e-06,1e-06,0.000954492990822,1.66666666667e+99,0.0,0.0,0.0,1.66666666667e+99,0.0,0.0,0.0,0.0,0.0,0.0,0.0
61.0,1e-06,1e-06,1e-06,1e-06,1e-07,1e-06,1e-06,1e-06,1e-06,1e-06,1e-06,1e-06,1e-06,0.000953740164097,1.66666666667e+99,0.0,0.0,0.0,1.66666666667e+99,0.0,0.0,0.0,0.0,0.0,0.0,0.0
62.0,1e-06,1e-06,1e-06,1e-06,1e-07,1e-06,1e-06,1e-06,1e-06,1e-06,1e-06,1e-06,1e-06,0.000952987524924,1.66666666667e+99,0.0,0.0,0.0,1.66666666667e+99,0.0,0.0,0.0,0.0,0.0,0.0,0.0
63.0,1e-06,1e-06,1e-06,1e-06,1e-07,1e-06,1e-06,1e-06,1e-06,1e-06,1e-06,1e-06,1e-06,0.000952235073459,1.66666666667e+99,0.0,0.0,0.0,1.66666666667e+99,0.0,0.0,0.0,0.0,0.0,0.0,0.0
64.0,1e-06,1e-06,1e-06,1e-06,1e-07,1e-06,1e-06,1e-06,1e-06,1e-06,1e-06,1e-06,1e-06,0.000951482809858,1.66666666667e+99,0.0,0.0,0.0,1.66666666667e+99,0.0,0.0,0.0,0.0,0.0,0.0,0.0
65.0,1e-06,1e-06,1e-06,1e-06,1e-07,1e-06,1e-06,1e-06,1e-06,1e-06,1e-06,1e-06,1e-06,0.000950730734279,1.66666666667e+99,0.0,0.0,0.0,1.66666666667e+99,0.0,0.0,0.0,0.0,0.0,0.0,0.0
66.0,1e-06,1e-06,1e-06,1e-06,1e-07,1e-06,1e-06,1e-06,1e-06,1e-06,1e-06,1e-06,1e-06,0.000949978846876,1.66666666667e+99,0.0,0.0,0.0,1.66666666667e+99,0.0,0.0,0.0,0.0,0.0,0.0,0.0
67.0,1e-06,1e-06,1e-06,1e-06,1e-07,1e-06,1e-06,1e-06,1e-06,1e-06,1e-06,1e-06,1e-06,0.000949227147807,1.66666666667e+99,0.0,0.0,0.0,1.66666666667e+99,0.0,0.0,0.0,0.0,0.0,0.0,0.0
68.0,1e-06,1e-06,1e-06,1e-06,1e-07,1e-06,1e-06,1e-06,1e-06,1e-06,1e-06,1e-06,1e-06,0.000948475637227,1.66666666667e+99,0.0,0.0,0.0,1.66666666667e+99,0.0,0.0,0.0,0.0,0.0,0.0,0.0
69.0,1e-06,1e-06,1e-06,1e-06,1e-07,1e-06,1e-06,1e-06,1e-06,1e-06,1e-06,1e-06,1e-06,0.000947724315295,1.66666666667e+99,0.0,0.0,0.0,1.66666666667e+99,0.0,0.0,0.0,0.0,0.0,0.0,0.0
70.0,1e-06,1e-06,1e-06,1e-06,1e-07,1e-06,1e-06,1e-06,1e-06,1e-06,1e-06,1e-06,1e-06,0.000946973182166,1.66666666667e+99,0.0,0.0,0.0,1.66666666667e+99,0.0,0.0,0.0,0.0,0.0,0.0,0.0
71.0,1e-06,1e-06,1e-06,1e-06,1e-07,1e-06,1e-06,1e-06,1e-06,1e-06,1e-06,1e-06,1e-06,0.000946222237998,1.66666666667e+99,0.0,0.0,0.0,1.66666666667e+99,0.0,0.0,0.0,0.0,0.0,0.0,0.0
72.0,1e-06,1e-06,1e-06,1e-06,1e-07,1e-06,1e-06,1e-06,1e-06,1e-06,1e-06,1e-06,1e-06,0.000945471482948,1.66666666667e+99,0.0,0.0,0.0,1.66666666667e+99,0.0,0.0,0.0,0.0,0.0,0.0,0.0
73.0,1e-06,1e-06,1e-06,1e-06,1e-07,1e-06,1e-06,1e-06,1e-06,1e-06,1e-06,1e-06,1e-06,0.000944720917173,1.66666666667e+99,0.0,0.0,0.0,1.66666666667e+99,0.0,0.0,0.0,0.0,0.0,0.0,0.0
74.0,1e-06,1e-06,1e-06,1e-06,1e-07,1e-06,1e-06,1e-06,1e-06,1e-06,1e-06,1e-06,1e-06,0.000943970540831,1.66666666667e+99,0.0,0.0,0.0,1.66666666667e+99,0.0,0.0,0.0,0.0,0.0,0.0,0.0
75.0,1e-06,1e-06,1e-06,1e-06,1e-07,1e-06,1e-06,1e-06,1e-06,1e-06,1e-06,1e-06,1e-06,0.000943220354079,1.66666666667e+99,0.0,0.0,0.0,1.66666666667e+99,0.0,0.0,0.0,0.0,0.0,0.0,0.0
76.0,1e-06,1e-06,1e-06,1e-06,1e-07,1e-06,1e-06,1e-06,1e-06,1e-06,1e-06,1e-06,1e-06,0.000942470357075,1.66666666667e+99,0.0,0.0,0.0,1.66666666667e+99,0.0,0.0,0.0,0.0,0.0,0.0,0.0
77.0,1e-06,1e-06,1e-06,1e-06,1e-07,1e-06,1e-06,1e-06,1e-06,1e-06,1e-06,1e-06,1e-06,0.000941720549977,1.66666666667e+99,0.0,0.0,0.0,1.66666666667e+99,0.0,0.0,0.0,0.0,0.0,0.0,0.0
78.0,1e-06,1e-06,1e-06,1e-06,1e-07,1e-06,1e-06,1e-06,1e-06,1e-06,1e-06,1e-06,1e-06,0.000940970932942,1.66666666667e+99,0.0,0.0,0.0,1.66666666667e+99,0.0,0.0,0.0,0.0,0.0,0.0,0.0
79.0,1e-06,1e-06,1e-06,1e-06,1e-07,1e-06,1e-06,1e-06,1e-06,1e-06,1e-06,1e-06,1e-06,0.00094022150613,1.66666666667e+99,0.0,0.0,0.0,1.66666666667e+99,0.0,0.0,0.0,0.0,0.0,0.0,0.0
80.0,1e-06,1e-06,1e-06,1e-06,1e-07,1e-06,1e-06,1e-06,1e-06,1e-06,1e-06,1e-06,1e-06,0.000939472269698,1.66666666667e+99,0.0,0.0,0.0,1.66666666667e+99,0.0,0.0,0.0,0.0,0.0,0.0,0.0
81.0,1e-06,1e-06,1e-06,1e-06,1e-07,1e-06,1e-06,1e-06,1e-06,1e-06,1e-06,1e-06,1e-06,0.000938723223804,1.66666666667e+99,0.0,0.0,0.0,1.66666666667e+99,0.0,0.0,0.0,0.0,0.0,0.0,0.0
82.0,1e-06,1e-06,1e-06,1e-06,1e-07,1e-06,1e-06,1e-06,1e-06,1e-06,1e-06,1e-06,1e-06,0.000937974368608,1.66666666667e+99,0.0,0.0,0.0,1.66666666667e+99,0.0,0.0,0.0,0.0,0.0,0.0,0.0
83.0,1e-06,1e-06,1e-06,1e-06,1e-07,1e-06,1e-06,1e-06,1e-06,1e-06,1e-06,1e-06,1e-06,0.000937225704268,1.66666666667e+99,0.0,0.0,0.0,1.66666666667e+99,0.0,0.0,0.0,0.0,0.0,0.0,0.0
84.0,1e-06,1e-06,1e-06,1e-06,1e-07,1e-06,1e-06,1e-06,1e-06,1e-06,1e-06,1e-06,1e-06,0.000936477230942,1.66666666667e+99,0.0,0.0,0.0,1.66666666667e+99,0.0,0.0,0.0,0.0,0.0,0.0,0.0
85.0,1e-06,1e-06,1e-06,1e-06,1e-07,1e-06,1e-06,1e-06,1e-06,1e-06,1e-06,1e-06,1e-06,0.00093572894879,1.66666666667e+99,0.0,0.0,0.0,1.66666666667e+99,0.0,0.0,0.0,0.0,0.0,0.0,0.0
86.0,1e-06,1e-06,1e-06,1e-06,1e-07,1e-06,1e-06,1e-06,1e-06,1e-06,1e-06,1e-06,1e-06,0.000934980857971,1.66666666667e+99,0.0,0.0,0.0,1.66666666667e+99,0.0,0.0,0.0,0.0,0.0,0.0,0.0
87.0,1e-06,1e-06,1e-06,1e-06,1e-07,1e-06,1e-06,1e-06,1e-06,1e-06,1e-06,1e-06,1e-06,0.000934232958644,1.66666666667e+99,0.0,0.0,0.0,1.66666666667e+99,0.0,0.0,0.0,0.0,0.0,0.0,0.0
88.0,1e-06,1e-06,1e-06,1e-06,1e-07,1e-06,1e-06,1e-06,1e-06,1e-06,1e-06,1e-06,1e-06,0.000933485250969,1.66666666667e+99,0.0,0.0,0.0,1.66666666667e+99,0.0,0.0,0.0,0.0,0.0,0.0,0.0
89.0,1e-06,1e-06,1e-06,1e-06,1e-07,1e-06,1e-06,1e-06,1e-06,1e-06,1e-06,1e-06,1e-06,0.000932737735104,1.66666666667e+99,0.0,0.0,0.0,1.66666666667e+99,0.0,0.0,0.0,0.0,0.0,0.0,0.0
90.0,1e-06,1e-06,1e-06,1e-06,1e-07,1e-06,1e-06,1e-06,1e-06,1e-06,1e-06,1e-06,1e-06,0.00093199041121,1.66666666667e+99,0.0,0.0,0.0,1.66666666667e+99,0.0,0.0,0.0,0.0,0.0,0.0,0.0
91.0,1e-06,1e-06,1e-06,1e-06,1e-07,1e-06,1e-06,1e-06,1e-06,1e-06,1e-06,1e-06,1e-06,0.000931243279447,1.66666666667e+99,0.0,0.0,0.0,1.66666666667e+99,0.0,0.0,0.0,0.0,0.0,0.0,0.0
92.0,1e-06,1e-06,1e-06,1e-06,1e-07,1e-06,1e-06,1e-06,1e-06,1e-06,1e-06,1e-06,1e-06,0.000930496339974,1.66666666667e+99,0.0,0.0,0.0,1.66666666667e+99,0.0,0.0,0.0,0.0,0.0,0.0,0.0
93.0,1e-06,1e-06,1e-06,1e-06,1e-07,1e-06,1e-06,1e-06,1e-06,1e-06,1e-06,1e-06,1e-06,0.000929749592952,1.66666666667e+99,0.0,0.0,0.0,1.66666666667e+99,0.0,0.0,0.0,0.0,0.0,0.0,0.0
94.0,1e-06,1e-06,1e-06,1e-06,1e-07,1e-06,1e-06,1e-06,1e-06,1e-06,1e-06,1e-06,1e-06,0.00092900303854,1.66666666667e+99,0.0,0.0,0.0,1.66666666667e+99,0.0,0.0,0.0,0.0,0.0,0.0,0.0
95.0,1e-06,1e-06,1e-06,1e-06,1e-07,1e-06,1e-06,1e-06,1e-06,1e-06,1e-06,1e-06,1e-06,0.0009282566769,1.66666666667e+99,0.0,0.0,0.0,1.66666666667e+99,0.0,0.0,0.0,0.0,0.0,0.0,0.0
96.0,1e-06,1e-06,1e-06,1e-06,1e-07,1e-06,1e-06,1e-06,1e-06,1e-06,1e-06,1e-06,1e-06,0.000927510508191,1.66666666667e+99,0.0,0.0,0.0,1.66666666667e+99,0.0,0.0,0.0,0.0,0.0,0.0,0.0
97.0,1e-06,1e-06,1e-06,1e-06,1e-07,1e-06,1e-06,1e-06,1e-06,1e-06,1e-06,1e-06,1e-06,0.000926764532574,1.66666666667e+99,0.0,0.0,0.0,1.66666666667e+99,0.0,0.0,0.0,0.0,0.0,0.0,0.0
98.0,1e-06,1e-06,1e-06,1e-06,1e-07,1e-06,1e-06,1e-06,1e-06,1e-06,1e-06,1e-06,1e-06,0.000926018750211,1.66666666667e+99,0.0,0.0,0.0,1.66666666667e+99,0.0,0.0,0.0,0.0,0.0,0.0,0.0
99.0,1e-06,1e-06,1e-06,1e-06,1e-07,1e-06,1e-06,1e-06,1e-06,1e-06,1e-06,1e-06,1e-06,0.000925273161261,1.66666666667e+99,0.0,0.0,0.0,1.66666666667e+99,0.0,0.0,0.0,0.0,0.0,0.0,0.0
100.0,1e-06,1e-06,1e-06,1e-06,1e-07,1e-06,1e-06,1e-06,1e-06,1e-06,1e-06,1e-06,1e-06,0.000924527765887,1.66666666667e+99,0.0,0.0,0.0,1.66666666667e+99,0.0,0.0,0.0,0.0,0.0,0.0,0.0
101.0,1e-06,1e-06,1e-06,1e-06,1e-07,1e-06,1e-06,1e-06,1e-06,1e-06,1e-06,1e-06,1e-06,0.000923782564248,1.66666666667e+99,0.0,0.0,0.0,1.66666666667e+99,0.0,0.0,0.0,0.0,0.0,0.0,0.0
102.0,1e-06,1e-06,1e-06,1e-06,1e-07,1e-06,1e-06,1e-06,1e-06,1e-06,1e-06,1e-06,1e-06,0.000923037556508,1.66666666667e+99,0.0,0.0,0.0,1.66666666667e+99,0.0,0.0,0.0,0.0,0.0,0.0,0.0
103.0,1e-06,1e-06,1e-06,1e-06,1e-07,1e-06,1e-06,1e-06,1e-06,1e-06,1e-06,1e-06,1e-06,0.000922292742826,1.66666666667e+99,0.0,0.0,0.0,1.66666666667e+99,0.0,0.0,0.0,0.0,0.0,0.0,0.0
104.0,1e-06,1e-06,1e-06,1e-06,1e-07,1e-06,1e-06,1e-06,1e-06,1e-06,1e-06,1e-06,1e-06,0.000921548123365,1.66666666667e+99,0.0,0.0,0.0,1.66666666667e+99,0.0,0.0,0.0,0.0,0.0,0.0,0.0
105.0,1e-06,1e-06,1e-06,1e-06,1e-07,1e-06,1e-06,1e-06,1e-06,1e-06,1e-06,1e-06,1e-06,0.000920803698287,1.66666666667e+99,0.0,0.0,0.0,1.66666666667e+99,0.0,0.0,0.0,0.0,0.0,0.0,0.0
106.0,1e-06,1e-06,1e-06,1e-06,1e-07,1e-06,1e-06,1e-06,1e-06,1e-06,1e-06,1e-06,1e-06,0.000920059467753,1.66666666667e+99,0.0,0.0,0.0,1.66666666667e+99,0.0,0.0,0.0,0.0,0.0,0.0,0.0
107.0,1e-06,1e-06,1e-06,1e-06,1e-07,1e-06,1e-06,1e-06,1e-06,1e-06,1e-06,1e-06,1e-06,0.000919315431925,1.66666666667e+99,0.0,0.0,0.0,1.66666666667e+99,0.0,0.0,0.0,0.0,0.0,0.0,0.0
108.0,1e-06,1e-06,1e-06,1e-06,1e-07,1e-06,1e-06,1e-06,1e-06,1e-06,1e-06,1e-06,1e-06,0.000918571590967,1.66666666667e+99,0.0,0.0,0.0,1.66666666667e+99,0.0,0.0,0.0,0.0,0.0,0.0,0.0
109.0,1e-06,1e-06,1e-06,1e-06,1e-07,1e-06,1e-06,1e-06,1e-06,1e-06,1e-06,1e-06,1e-06,0.000917827945039,1.66666666667e+99,0.0,0.0,0.0,1.66666666667e+99,0.0,0.0,0.0,0.0,0.0,0.0,0.0
110.0,1e-06,1e-06,1e-06,1e-06,1e-07,1e-06,1e-06,1e-06,1e-06,1e-06,1e-06,1e-06,1e-06,0.000917084494304,1.66666666667e+99,0.0,0.0,0.0,1.66666666667e+99,0.0,0.0,0.0,0.0,0.0,0.0,0.0
111.0,1e-06,1e-06,1e-06,1e-06,1e-07,1e-06,1e-06,1e-06,1e-06,1e-06,1e-06,1e-06,1e-06,0.000916341238925,1.66666666667e+99,0.0,0.0,0.0,1.66666666667e+99,0.0,0.0,0.0,0.0,0.0,0.0,0.0
112.0,1e-06,1e-06,1e-06,1e-06,1e-07,1e-06,1e-06,1e-06,1e-06,1e-06,1e-06,1e-06,1e-06,0.000915598179065,1.66666666667e+99,0.0,0.0,0.0,1.66666666667e+99,0.0,0.0,0.0,0.0,0.0,0.0,0.0
113.0,1e-06,1e-06,1e-06,1e-06,1e-07,1e-06,1e-06,1e-06,1e-06,1e-06,1e-06,1e-06,1e-06,0.000914855314887,1.66666666667e+99,0.0,0.0,0.0,1.66666666667e+99,0.0,0.0,0.0,0.0,0.0,0.0,0.0
114.0,1e-06,1e-06,1e-06,1e-06,1e-07,1e-06,1e-06,1e-06,1e-06,1e-06,1e-06,1e-06,1e-06,0.000914112646554,1.66666666667e+99,0.0,0.0,0.0,1.66666666667e+99,0.0,0.0,0.0,0.0,0.0,0.0,0.0
115.0,1e-06,1e-06,1e-06,1e-06,1e-07,1e-06,1e-06,1e-06,1e-06,1e-06,1e-06,1e-06,1e-06,0.000913370174228,1.66666666667e+99,0.0,0.0,0.0,1.66666666667e+99,0.0,0.0,0.0,0.0,0.0,0.0,0.0
116.0,1e-06,1e-06,1e-06,1e-06,1e-07,1e-06,1e-06,1e-06,1e-06,1e-06,1e-06,1e-06,1e-06,0.000912627898073,1.66666666667e+99,0.0,0.0,0.0,1.66666666667e+99,0.0,0.0,0.0,0.0,0.0,0.0,0.0
117.0,1e-06,1e-06,1e-06,1e-06,1e-07,1e-06,1e-06,1e-06,1e-06,1e-06,1e-06,1e-06,1e-06,0.000911885818253,1.66666666667e+99,0.0,0.0,0.0,1.66666666667e+99,0.0,0.0,0.0,0.0,0.0,0.0,0.0
118.0,1e-06,1e-06,1e-06,1e-06,1e-07,1e-06,1e-06,1e-06,1e-06,1e-06,1e-06,1e-06,1e-06,0.000911143934931,1.66666666667e+99,0.0,0.0,0.0,1.66666666667e+99,0.0,0.0,0.0,0.0,0.0,0.0,0.0
119.0,1e-06,1e-06,1e-06,1e-06,1e-07,1e-06,1e-06,1e-06,1e-06,1e-06,1e-06,1e-06,1e-06,0.000910402248271,1.66666666667e+99,0.0,0.0,0.0,1.66666666667e+99,0.0,0.0,0.0,0.0,0.0,0.0,0.0
120.0,1e-06,1e-06,1e-06,1e-06,1e-07,1e-06,1e-06,1e-06,1e-06,1e-06,1e-06,1e-06,1e-06,0.000909660758437,1.66666666667e+99,0.0,0.0,0.0,1.66666666667e+99,0.0,0.0,0.0,0.0,0.0,0.0,0.0
121.0,1e-06,1e-06,1e-06,1e-06,1e-07,1e-06,1e-06,1e-06,1e-06,1e-06,1e-06,1e-06,1e-06,0.000908919465592,1.66666666667e+99,0.0,0.0,0.0,1.66666666667e+99,0.0,0.0,0.0,0.0,0.0,0.0,0.0
122.0,1e-06,1e-06,1e-06,1e-06,1e-07,1e-06,1e-06,1e-06,1e-06,1e-06,1e-06,1e-06,1e-06,0.000908178369902,1.66666666667e+99,0.0,0.0,0.0,1.66666666667e+99,0.0,0.0,0.0,0.0,0.0,0.0,0.0
123.0,1e-06,1e-06,1e-06,1e-06,1e-07,1e-06,1e-06,1e-06,1e-06,1e-06,1e-06,1e-06,1e-06,0.00090743747153,1.66666666667e+99,0.0,0.0,0.0,1.66666666667e+99,0.0,0.0,0.0,0.0,0.0,0.0,0.0
124.0,1e-06,1e-06,1e-06,1e-06,1e-07,1e-06,1e-06,1e-06,1e-06,1e-06,1e-06,1e-06,1e-06,0.00090669677064,1.66666666667e+99,0.0,0.0,0.0,1.66666666667e+99,0.0,0.0,0.0,0.0,0.0,0.0,0.0
125.0,1e-06,1e-06,1e-06,1e-06,1e-07,1e-06,1e-06,1e-06,1e-06,1e-06,1e-06,1e-06,1e-06,0.000905956267397,1.66666666667e+99,0.0,0.0,0.0,1.66666666667e+99,0.0,0.0,0.0,0.0,0.0,0.0,0.0
126.0,1e-06,1e-06,1e-06,1e-06,1e-07,1e-06,1e-06,1e-06,1e-06,1e-06,1e-06,1e-06,1e-06,0.000905215961967,1.66666666667e+99,0.0,0.0,0.0,1.66666666667e+99,0.0,0.0,0.0,0.0,0.0,0.0,0.0
127.0,1e-06,1e-06,1e-06,1e-06,1e-07,1e-06,1e-06,1e-06,1e-06,1e-06,1e-06,1e-06,1e-06,0.000904475854513,1.66666666667e+99,0.0,0.0,0.0,1.66666666667e+99,0.0,0.0,0.0,0.0,0.0,0.0,0.0
128.0,1e-06,1e-06,1e-06,1e-06,1e-07,1e-06,1e-06,1e-06,1e-06,1e-06,1e-06,1e-06,1e-06,0.000903735945201,1.66666666667e+99,0.0,0.0,0.0,1.66666666667e+99,0.0,0.0,0.0,0.0,0.0,0.0,0.0
129.0,1e-06,1e-06,1e-06,1e-06,1e-07,1e-06,1e-06,1e-06,1e-06,1e-06,1e-06,1e-06,1e-06,0.000902996234196,1.66666666667e+99,0.0,0.0,0.0,1.66666666667e+99,0.0,0.0,0.0,0.0,0.0,0.0,0.0
130.0,1e-06,1e-06,1e-06,1e-06,1e-07,1e-06,1e-06,1e-06,1e-06,1e-06,1e-06,1e-06,1e-06,0.000902256721663,1.66666666667e+99,0.0,0.0,0.0,1.66666666667e+99,0.0,0.0,0.0,0.0,0.0,0.0,0.0
131.0,1e-06,1e-06,1e-06,1e-06,1e-07,1e-06,1e-06,1e-06,1e-06,1e-06,1e-06,1e-06,1e-06,0.000901517407767,1.66666666667e+99,0.0,0.0,0.0,1.66666666667e+99,0.0,0.0,0.0,0.0,0.0,0.0,0.0
132.0,1e-06,1e-06,1e-06,1e-06,1e-07,1e-06,1e-06,1e-06,1e-06,1e-06,1e-06,1e-06,1e-06,0.000900778292675,1.66666666667e+99,0.0,0.0,0.0,1.66666666667e+99,0.0,0.0,0.0,0.0,0.0,0.0,0.0
133.0,1e-06,1e-06,1e-06,1e-06,1e-07,1e-06,1e-06,1e-06,1e-06,1e-06,1e-06,1e-06,1e-06,0.000900039376552,1.66666666667e+99,0.0,0.0,0.0,1.66666666667e+99,0.0,0.0,0.0,0.0,0.0,0.0,0.0
134.0,1e-06,1e-06,1e-06,1e-06,1e-07,1e-06,1e-06,1e-06,1e-06,1e-06,1e-06,1e-06,1e-06,0.000899300659563,1.66666666667e+99,0.0,0.0,0.0,1.66666666667e+99,0.0,0.0,0.0,0.0,0.0,0.0,0.0
135.0,1e-06,1e-06,1e-06,1e-06,1e-07,1e-06,1e-06,1e-06,1e-06,1e-06,1e-06,1e-06,1e-06,0.000898562141875,1.66666666667e+99,0.0,0.0,0.0,1.66666666667e+99,0.0,0.0,0.0,0.0,0.0,0.0,0.0
136.0,1e-06,1e-06,1e-06,1e-06,1e-07,1e-06,1e-06,1e-06,1e-06,1e-06,1e-06,1e-06,1e-06,0.000897823823654,1.66666666667e+99,0.0,0.0,0.0,1.66666666667e+99,0.0,0.0,0.0,0.0,0.0,0.0,0.0
137.0,1e-06,1e-06,1e-06,1e-06,1e-07,1e-06,1e-06,1e-06,1e-06,1e-06,1e-06,1e-06,1e-06,0.000897085705066,1.66666666667e+99,0.0,0.0,0.0,1.66666666667e+99,0.0,0.0,0.0,0.0,0.0,0.0,0.0
138.0,1e-06,1e-06,1e-06,1e-06,1e-07,1e-06,1e-06,1e-06,1e-06,1e-06,1e-06,1e-06,1e-06,0.000896347786277,1.66666666667e+99,0.0,0.0,0.0,1.66666666667e+99,0.0,0.0,0.0,0.0,0.0,0.0,0.0
139.0,1e-06,1e-06,1e-06,1e-06,1e-07,1e-06,1e-06,1e-06,1e-06,1e-06,1e-06,1e-06,1e-06,0.000895610067454,1.66666666667e+99,0.0,0.0,0.0,1.66666666667e+99,0.0,0.0,0.0,0.0,0.0,0.0,0.0
140.0,1e-06,1e-06,1e-06,1e-06,1e-07,1e-06,1e-06,1e-06,1e-06,1e-06,1e-06,1e-06,1e-06,0.000894872548764,1.66666666667e+99,0.0,0.0,0.0,1.66666666667e+99,0.0,0.0,0.0,0.0,0.0,0.0,0.0
141.0,1e-06,1e-06,1e-06,1e-06,1e-07,1e-06,1e-06,1e-06,1e-06,1e-06,1e-06,1e-06,1e-06,0.000894135230373,1.66666666667e+99,0.0,0.0,0.0,1.66666666667e+99,0.0,0.0,0.0,0.0,0.0,0.0,0.0
142.0,1e-06,1e-06,1e-06,1e-06,1e-07,1e-06,1e-06,1e-06,1e-06,1e-06,1e-06,1e-06,1e-06,0.000893398112449,1.66666666667e+99,0.0,0.0,0.0,1.66666666667e+99,0.0,0.0,0.0,0.0,0.0,0.0,0.0
143.0,1e-06,1e-06,1e-06,1e-06,1e-07,1e-06,1e-06,1e-06,1e-06,1e-06,1e-06,1e-06,1e-06,0.000892661195158,1.66666666667e+99,0.0,0.0,0.0,1.66666666667e+99,0.0,0.0,0.0,0.0,0.0,0.0,0.0
144.0,1e-06,1e-06,1e-06,1e-06,1e-07,1e-06,1e-06,1e-06,1e-06,1e-06,1e-06,1e-06,1e-06,0.000891924478669,1.66666666667e+99,0.0,0.0,0.0,1.66666666667e+99,0.0,0.0,0.0,0.0,0.0,0.0,0.0
145.0,1e-06,1e-06,1e-06,1e-06,1e-07,1e-06,1e-06,1e-06,1e-06,1e-06,1e-06,1e-06,1e-06,0.000891187963147,1.66666666667e+99,0.0,0.0,0.0,1.66666666667e+99,0.0,0.0,0.0,0.0,0.0,0.0,0.0
146.0,1e-06,1e-06,1e-06,1e-06,1e-07,1e-06,1e-06,1e-06,1e-06,1e-06,1e-06,1e-06,1e-06,0.000890451648761,1.66666666667e+99,0.0,0.0,0.0,1.66666666667e+99,0.0,0.0,0.0,0.0,0.0,0.0,0.0
147.0,1e-06,1e-06,1e-06,1e-06,1e-07,1e-06,1e-06,1e-06,1e-06,1e-06,1e-06,1e-06,1e-06,0.000889715535679,1.66666666667e+99,0.0,0.0,0.0,1.66666666667e+99,0.0,0.0,0.0,0.0,0.0,0.0,0.0
148.0,1e-06,1e-06,1e-06,1e-06,1e-07,1e-06,1e-06,1e-06,1e-06,1e-06,1e-06,1e-06,1e-06,0.000888979624068,1.66666666667e+99,0.0,0.0,0.0,1.66666666667e+99,0.0,0.0,0.0,0.0,0.0,0.0,0.0
149.0,1e-06,1e-06,1e-06,1e-06,1e-07,1e-06,1e-06,1e-06,1e-06,1e-06,1e-06,1e-06,1e-06,0.000888243914096,1.66666666667e+99,0.0,0.0,0.0,1.66666666667e+99,0.0,0.0,0.0,0.0,0.0,0.0,0.0
150.0,1e-06,1e-06,1e-06,1e-06,1e-07,1e-06,1e-06,1e-06,1e-06,1e-06,1e-06,1e-06,1e-06,0.000887508405931,1.66666666667e+99,0.0,0.0,0.0,1.66666666667e+99,0.0,0.0,0.0,0.0,0.0,0.0,0.0
151.0,1e-06,1e-06,1e-06,1e-06,1e-07,1e-06,1e-06,1e-06,1e-06,1e-06,1e-06,1e-06,1e-06,0.000886773099741,1.66666666667e+99,0.0,0.0,0.0,1.66666666667e+99,0.0,0.0,0.0,0.0,0.0,0.0,0.0
152.0,1e-06,1e-06,1e-06,1e-06,1e-07,1e-06,1e-06,1e-06,1e-06,1e-06,1e-06,1e-06,1e-06,0.000886037995696,1.66666666667e+99,0.0,0.0,0.0,1.66666666667e+99,0.0,0.0,0.0,0.0,0.0,0.0,0.0
153.0,1e-06,1e-06,1e-06,1e-06,1e-07,1e-06,1e-06,1e-06,1e-06,1e-06,1e-06,1e-06,1e-06,0.000885303093963,1.66666666667e+99,0.0,0.0,0.0,1.66666666667e+99,0.0,0.0,0.0,0.0,0.0,0.0,0.0
154.0,1e-06,1e-06,1e-06,1e-06,1e-07,1e-06,1e-06,1e-06,1e-06,1e-06,1e-06,1e-06,1e-06,0.000884568394711,1.66666666667e+99,0.0,0.0,0.0,1.66666666667e+99,0.0,0.0,0.0,0.0,0.0,0.0,0.0
155.0,1e-06,1e-06,1e-06,1e-06,1e-07,1e-06,1e-06,1e-06,1e-06,1e-06,1e-06,1e-06,1e-06,0.000883833898109,1.66666666667e+99,0.0,0.0,0.0,1.66666666667e+99,0.0,0.0,0.0,0.0,0.0,0.0,0.0
156.0,1e-06,1e-06,1e-06,1e-06,1e-07,1e-06,1e-06,1e-06,1e-06,1e-06,1e-06,1e-06,1e-06,0.000883099604326,1.66666666667e+99,0.0,0.0,0.0,1.66666666667e+99,0.0,0.0,0.0,0.0,0.0,0.0,0.0
157.0,1e-06,1e-06,1e-06,1e-06,1e-07,1e-06,1e-06,1e-06,1e-06,1e-06,1e-06,1e-06,1e-06,0.000882365513531,1.66666666667e+99,0.0,0.0,0.0,1.66666666667e+99,0.0,0.0,0.0,0.0,0.0,0.0,0.0
158.0,1e-06,1e-06,1e-06,1e-06,1e-07,1e-06,1e-06,1e-06,1e-06,1e-06,1e-06,1e-06,1e-06,0.000881631625892,1.66666666667e+99,0.0,0.0,0.0,1.66666666667e+99,0.0,0.0,0.0,0.0,0.0,0.0,0.0
159.0,1e-06,1e-06,1e-06,1e-06,1e-07,1e-06,1e-06,1e-06,1e-06,1e-06,1e-06,1e-06,1e-06,0.000880897941581,1.66666666667e+99,0.0,0.0,0.0,1.66666666667e+99,0.0,0.0,0.0,0.0,0.0,0.0,0.0
160.0,1e-06,1e-06,1e-06,1e-06,1e-07,1e-06,1e-06,1e-06,1e-06,1e-06,1e-06,1e-06,1e-06,0.000880164460765,1.66666666667e+99,0.0,0.0,0.0,1.66666666667e+99,0.0,0.0,0.0,0.0,0.0,0.0,0.0
161.0,1e-06,1e-06,1e-06,1e-06,1e-07,1e-06,1e-06,1e-06,1e-06,1e-06,1e-06,1e-06,1e-06,0.000879431183615,1.66666666667e+99,0.0,0.0,0.0,1.66666666667e+99,0.0,0.0,0.0,0.0,0.0,0.0,0.0
162.0,1e-06,1e-06,1e-06,1e-06,1e-07,1e-06,1e-06,1e-06,1e-06,1e-06,1e-06,1e-06,1e-06,0.0008786981103,1.66666666667e+99,0.0,0.0,0.0,1.66666666667e+99,0.0,0.0,0.0,0.0,0.0,0.0,0.0
163.0,1e-06,1e-06,1e-06,1e-06,1e-07,1e-06,1e-06,1e-06,1e-06,1e-06,1e-06,1e-06,1e-06,0.000877965240991,1.66666666667e+99,0.0,0.0,0.0,1.66666666667e+99,0.0,0.0,0.0,0.0,0.0,0.0,0.0
164.0,1e-06,1e-06,1e-06,1e-06,1e-07,1e-06,1e-06,1e-06,1e-06,1e-06,1e-06,1e-06,1e-06,0.000877232575857,1.66666666667e+99,0.0,0.0,0.0,1.66666666667e+99,0.0,0.0,0.0,0.0,0.0,0.0,0.0
165.0,1e-06,1e-06,1e-06,1e-06,1e-07,1e-06,1e-06,1e-06,1e-06,1e-06,1e-06,1e-06,1e-06,0.000876500115069,1.66666666667e+99,0.0,0.0,0.0,1.66666666667e+99,0.0,0.0,0.0,0.0,0.0,0.0,0.0
166.0,1e-06,1e-06,1e-06,1e-06,1e-07,1e-06,1e-06,1e-06,1e-06,1e-06,1e-06,1e-06,1e-06,0.000875767858797,1.66666666667e+99,0.0,0.0,0.0,1.66666666667e+99,0.0,0.0,0.0,0.0,0.0,0.0,0.0
167.0,1e-06,1e-06,1e-06,1e-06,1e-07,1e-06,1e-06,1e-06,1e-06,1e-06,1e-06,1e-06,1e-06,0.000875035807211,1.66666666667e+99,0.0,0.0,0.0,1.66666666667e+99,0.0,0.0,0.0,0.0,0.0,0.0,0.0
168.0,1e-06,1e-06,1e-06,1e-06,1e-07,1e-06,1e-06,1e-06,1e-06,1e-06,1e-06,1e-06,1e-06,0.000874303960483,1.66666666667e+99,0.0,0.0,0.0,1.66666666667e+99,0.0,0.0,0.0,0.0,0.0,0.0,0.0
169.0,1e-06,1e-06,1e-06,1e-06,1e-07,1e-06,1e-06,1e-06,1e-06,1e-06,1e-06,1e-06,1e-06,0.000873572318782,1.66666666667e+99,0.0,0.0,0.0,1.66666666667e+99,0.0,0.0,0.0,0.0,0.0,0.0,0.0
170.0,1e-06,1e-06,1e-06,1e-06,1e-07,1e-06,1e-06,1e-06,1e-06,1e-06,1e-06,1e-06,1e-06,0.000872840882281,1.66666666667e+99,0.0,0.0,0.0,1.66666666667e+99,0.0,0.0,0.0,0.0,0.0,0.0,0.0
171.0,1e-06,1e-06,1e-06,1e-06,1e-07,1e-06,1e-06,1e-06,1e-06,1e-06,1e-06,1e-06,1e-06,0.000872109651149,1.66666666667e+99,0.0,0.0,0.0,1.66666666667e+99,0.0,0.0,0.0,0.0,0.0,0.0,0.0
172.0,1e-06,1e-06,1e-06,1e-06,1e-07,1e-06,1e-06,1e-06,1e-06,1e-06,1e-06,1e-06,1e-06,0.000871378625559,1.66666666667e+99,0.0,0.0,0.0,1.66666666667e+99,0.0,0.0,0.0,0.0,0.0,0.0,0.0
173.0,1e-06,1e-06,1e-06,1e-06,1e-07,1e-06,1e-06,1e-06,1e-06,1e-06,1e-06,1e-06,1e-06,0.000870647805681,1.66666666667e+99,0.0,0.0,0.0,1.66666666667e+99,0.0,0.0,0.0,0.0,0.0,0.0,0.0
174.0,1e-06,1e-06,1e-06,1e-06,1e-07,1e-06,1e-06,1e-06,1e-06,1e-06,1e-06,1e-06,1e-06,0.000869917191687,1.66666666667e+99,0.0,0.0,0.0,1.66666666667e+99,0.0,0.0,0.0,0.0,0.0,0.0,0.0
175.0,1e-06,1e-06,1e-06,1e-06,1e-07,1e-06,1e-06,1e-06,1e-06,1e-06,1e-06,1e-06,1e-06,0.000869186783748,1.66666666667e+99,0.0,0.0,0.0,1.66666666667e+99,0.0,0.0,0.0,0.0,0.0,0.0,0.0
176.0,1e-06,1e-06,1e-06,1e-06,1e-07,1e-06,1e-06,1e-06,1e-06,1e-06,1e-06,1e-06,1e-06,0.000868456582037,1.66666666667e+99,0.0,0.0,0.0,1.66666666667e+99,0.0,0.0,0.0,0.0,0.0,0.0,0.0
177.0,1e-06,1e-06,1e-06,1e-06,1e-07,1e-06,1e-06,1e-06,1e-06,1e-06,1e-06,1e-06,1e-06,0.000867726586725,1.66666666667e+99,0.0,0.0,0.0,1.66666666667e+99,0.0,0.0,0.0,0.0,0.0,0.0,0.0
178.0,1e-06,1e-06,1e-06,1e-06,1e-07,1e-06,1e-06,1e-06,1e-06,1e-06,1e-06,1e-06,1e-06,0.000866996797985,1.66666666667e+99,0.0,0.0,0.0,1.66666666667e+99,0.0,0.0,0.0,0.0,0.0,0.0,0.0
179.0,1e-06,1e-06,1e-06,1e-06,1e-07,1e-06,1e-06,1e-06,1e-06,1e-06,1e-06,1e-06,1e-06,0.000866267215988,1.66666666667e+99,0.0,0.0,0.0,1.66666666667e+99,0.0,0.0,0.0,0.0,0.0,0.0,0.0
180.0,1e-06,1e-06,1e-06,1e-06,1e-07,1e-06,1e-06,1e-06,1e-06,1e-06,1e-06,1e-06,1e-06,0.000865537840907,1.66666666667e+99,0.0,0.0,0.0,1.66666666667e+99,0.0,0.0,0.0,0.0,0.0,0.0,0.0
181.0,1e-06,1e-06,1e-06,1e-06,1e-07,1e-06,1e-06,1e-06,1e-06,1e-06,1e-06,1e-06,1e-06,0.000864808672915,1.66666666667e+99,0.0,0.0,0.0,1.66666666667e+99,0.0,0.0,0.0,0.0,0.0,0.0,0.0
182.0,1e-06,1e-06,1e-06,1e-06,1e-07,1e-06,1e-06,1e-06,1e-06,1e-06,1e-06,1e-06,1e-06,0.000864079712183,1.66666666667e+99,0.0,0.0,0.0,1.66666666667e+99,0.0,0.0,0.0,0.0,0.0,0.0,0.0
183.0,1e-06,1e-06,1e-06,1e-06,1e-07,1e-06,1e-06,1e-06,1e-06,1e-06,1e-06,1e-06,1e-06,0.000863350958886,1.66666666667e+99,0.0,0.0,0.0,1.66666666667e+99,0.0,0.0,0.0,0.0,0.0,0.0,0.0
184.0,1e-06,1e-06,1e-06,1e-06,1e-07,1e-06,1e-06,1e-06,1e-06,1e-06,1e-06,1e-06,1e-06,0.000862622413195,1.66666666667e+99,0.0,0.0,0.0,1.66666666667e+99,0.0,0.0,0.0,0.0,0.0,0.0,0.0
185.0,1e-06,1e-06,1e-06,1e-06,1e-07,1e-06,1e-06,1e-06,1e-06,1e-06,1e-06,1e-06,1e-06,0.000861894075283,1.66666666667e+99,0.0,0.0,0.0,1.66666666667e+99,0.0,0.0,0.0,0.0,0.0,0.0,0.0
186.0,1e-06,1e-06,1e-06,1e-06,1e-07,1e-06,1e-06,1e-06,1e-06,1e-06,1e-06,1e-06,1e-06,0.000861165945325,1.66666666667e+99,0.0,0.0,0.0,1.66666666667e+99,0.0,0.0,0.0,0.0,0.0,0.0,0.0
187.0,1e-06,1e-06,1e-06,1e-06,1e-07,1e-06,1e-06,1e-06,1e-06,1e-06,1e-06,1e-06,1e-06,0.000860438023493,1.66666666667e+99,0.0,0.0,0.0,1.66666666667e+99,0.0,0.0,0.0,0.0,0.0,0.0,0.0
188.0,1e-06,1e-06,1e-06,1e-06,1e-07,1e-06,1e-06,1e-06,1e-06,1e-06,1e-06,1e-06,1e-06,0.00085971030996,1.66666666667e+99,0.0,0.0,0.0,1.66666666667e+99,0.0,0.0,0.0,0.0,0.0,0.0,0.0
189.0,1e-06,1e-06,1e-06,1e-06,1e-07,1e-06,1e-06,1e-06,1e-06,1e-06,1e-06,1e-06,1e-06,0.000858982804901,1.66666666667e+99,0.0,0.0,0.0,1.66666666667e+99,0.0,0.0,0.0,0.0,0.0,0.0,0.0
190.0,1e-06,1e-06,1e-06,1e-06,1e-07,1e-06,1e-06,1e-06,1e-06,1e-06,1e-06,1e-06,1e-06,0.000858255508489,1.66666666667e+99,0.0,0.0,0.0,1.66666666667e+99,0.0,0.0,0.0,0.0,0.0,0.0,0.0
191.0,1e-06,1e-06,1e-06,1e-06,1e-07,1e-06,1e-06,1e-06,1e-06,1e-06,1e-06,1e-06,1e-06,0.000857528420898,1.66666666667e+99,0.0,0.0,0.0,1.66666666667e+99,0.0,0.0,0.0,0.0,0.0,0.0,0.0
192.0,1e-06,1e-06,1e-06,1e-06,1e-07,1e-06,1e-06,1e-06,1e-06,1e-06,1e-06,1e-06,1e-06,0.000856801542302,1.66666666667e+99,0.0,0.0,0.0,1.66666666667e+99,0.0,0.0,0.0,0.0,0.0,0.0,0.0
193.0,1e-06,1e-06,1e-06,1e-06,1e-07,1e-06,1e-06,1e-06,1e-06,1e-06,1e-06,1e-06,1e-06,0.000856074872875,1.66666666667e+99,0.0,0.0,0.0,1.66666666667e+99,0.0,0.0,0.0,0.0,0.0,0.0,0.0
194.0,1e-06,1e-06,1e-06,1e-06,1e-07,1e-06,1e-06,1e-06,1e-06,1e-06,1e-06,1e-06,1e-06,0.000855348412792,1.66666666667e+99,0.0,0.0,0.0,1.66666666667e+99,0.0,0.0,0.0,0.0,0.0,0.0,0.0
195.0,1e-06,1e-06,1e-06,1e-06,1e-07,1e-06,1e-06,1e-06,1e-06,1e-06,1e-06,1e-06,1e-06,0.000854622162227,1.66666666667e+99,0.0,0.0,0.0,1.66666666667e+99,0.0,0.0,0.0,0.0,0.0,0.0,0.0
196.0,1e-06,1e-06,1e-06,1e-06,1e-07,1e-06,1e-06,1e-06,1e-06,1e-06,1e-06,1e-06,1e-06,0.000853896121354,1.66666666667e+99,0.0,0.0,0.0,1.66666666667e+99,0.0,0.0,0.0,0.0,0.0,0.0,0.0
197.0,1e-06,1e-06,1e-06,1e-06,1e-07,1e-06,1e-06,1e-06,1e-06,1e-06,1e-06,1e-06,1e-06,0.000853170290349,1.66666666667e+99,0.0,0.0,0.0,1.66666666667e+99,0.0,0.0,0.0,0.0,0.0,0.0,0.0
198.0,1e-06,1e-06,1e-06,1e-06,1e-07,1e-06,1e-06,1e-06,1e-06,1e-06,1e-06,1e-06,1e-06,0.000852444669386,1.66666666667e+99,0.0,0.0,0.0,1.66666666667e+99,0.0,0.0,0.0,0.0,0.0,0.0,0.0
199.0,1e-06,1e-06,1e-06,1e-06,1e-07,1e-06,1e-06,1e-06,1e-06,1e-06,1e-06,1e-06,1e-06,0.00085171925864,1.66666666667e+99,0.0,0.0,0.0,1.66666666667e+99,0.0,0.0,0.0,0.0,0.0,0.0,0.0
200.0,1e-06,1e-06,1e-06,1e-06,1e-07,1e-06,1e-06,1e-06,1e-06,1e-06,1e-06,1e-06,1e-06,0.000850994058287,1.66666666667e+99,0.0,0.0,0.0,1.66666666667e+99,0.0,0.0,0.0,0.0,0.0,0.0,0.0
201.0,1e-06,1e-06,1e-06,1e-06,1e-07,1e-06,1e-06,1e-06,1e-06,1e-06,1e-06,1e-06,1e-06,0.000850269068501,1.66666666667e+99,0.0,0.0,0.0,1.66666666667e+99,0.0,0.0,0.0,0.0,0.0,0.0,0.0
202.0,1e-06,1e-06,1e-06,1e-06,1e-07,1e-06,1e-06,1e-06,1e-06,1e-06,1e-06,1e-06,1e-06,0.000849544289459,1.66666666667e+99,0.0,0.0,0.0,1.66666666667e+99,0.0,0.0,0.0,0.0,0.0,0.0,0.0
203.0,1e-06,1e-06,1e-06,1e-06,1e-07,1e-06,1e-06,1e-06,1e-06,1e-06,1e-06,1e-06,1e-06,0.000848819721335,1.66666666667e+99,0.0,0.0,0.0,1.66666666667e+99,0.0,0.0,0.0,0.0,0.0,0.0,0.0
204.0,1e-06,1e-06,1e-06,1e-06,1e-07,1e-06,1e-06,1e-06,1e-06,1e-06,1e-06,1e-06,1e-06,0.000848095364306,1.66666666667e+99,0.0,0.0,0.0,1.66666666667e+99,0.0,0.0,0.0,0.0,0.0,0.0,0.0
205.0,1e-06,1e-06,1e-06,1e-06,1e-07,1e-06,1e-06,1e-06,1e-06,1e-06,1e-06,1e-06,1e-06,0.000847371218548,1.66666666667e+99,0.0,0.0,0.0,1.66666666667e+99,0.0,0.0,0.0,0.0,0.0,0.0,0.0
206.0,1e-06,1e-06,1e-06,1e-06,1e-07,1e-06,1e-06,1e-06,1e-06,1e-06,1e-06,1e-06,1e-06,0.000846647284235,1.66666666667e+99,0.0,0.0,0.0,1.66666666667e+99,0.0,0.0,0.0,0.0,0.0,0.0,0.0
207.0,1e-06,1e-06,1e-06,1e-06,1e-07,1e-06,1e-06,1e-06,1e-06,1e-06,1e-06,1e-06,1e-06,0.000845923561546,1.66666666667e+99,0.0,0.0,0.0,1.66666666667e+99,0.0,0.0,0.0,0.0,0.0,0.0,0.0
208.0,1e-06,1e-06,1e-06,1e-06,1e-07,1e-06,1e-06,1e-06,1e-06,1e-06,1e-06,1e-06,1e-06,0.000845200050655,1.66666666667e+99,0.0,0.0,0.0,1.66666666667e+99,0.0,0.0,0.0,0.0,0.0,0.0,0.0
209.0,1e-06,1e-06,1e-06,1e-06,1e-07,1e-06,1e-06,1e-06,1e-06,1e-06,1e-06,1e-06,1e-06,0.00084447675174,1.66666666667e+99,0.0,0.0,0.0,1.66666666667e+99,0.0,0.0,0.0,0.0,0.0,0.0,0.0
210.0,1e-06,1e-06,1e-06,1e-06,1e-07,1e-06,1e-06,1e-06,1e-06,1e-06,1e-06,1e-06,1e-06,0.000843753664977,1.66666666667e+99,0.0,0.0,0.0,1.66666666667e+99,0.0,0.0,0.0,0.0,0.0,0.0,0.0
211.0,1e-06,1e-06,1e-06,1e-06,1e-07,1e-06,1e-06,1e-06,1e-06,1e-06,1e-06,1e-06,1e-06,0.000843030790542,1.66666666667e+99,0.0,0.0,0.0,1.66666666667e+99,0.0,0.0,0.0,0.0,0.0,0.0,0.0
212.0,1e-06,1e-06,1e-06,1e-06,1e-07,1e-06,1e-06,1e-06,1e-06,1e-06,1e-06,1e-06,1e-06,0.000842308128613,1.66666666667e+99,0.0,0.0,0.0,1.66666666667e+99,0.0,0.0,0.0,0.0,0.0,0.0,0.0
213.0,1e-06,1e-06,1e-06,1e-06,1e-07,1e-06,1e-06,1e-06,1e-06,1e-06,1e-06,1e-06,1e-06,0.000841585679366,1.66666666667e+99,0.0,0.0,0.0,1.66666666667e+99,0.0,0.0,0.0,0.0,0.0,0.0,0.0
214.0,1e-06,1e-06,1e-06,1e-06,1e-07,1e-06,1e-06,1e-06,1e-06,1e-06,1e-06,1e-06,1e-06,0.00084086344298,1.66666666667e+99,0.0,0.0,0.0,1.66666666667e+99,0.0,0.0,0.0,0.0,0.0,0.0,0.0
215.0,1e-06,1e-06,1e-06,1e-06,1e-07,1e-06,1e-06,1e-06,1e-06,1e-06,1e-06,1e-06,1e-06,0.00084014141963,1.66666666667e+99,0.0,0.0,0.0,1.66666666667e+99,0.0,0.0,0.0,0.0,0.0,0.0,0.0
216.0,1e-06,1e-06,1e-06,1e-06,1e-07,1e-06,1e-06,1e-06,1e-06,1e-06,1e-06,1e-06,1e-06,0.000839419609494,1.66666666667e+99,0.0,0.0,0.0,1.66666666667e+99,0.0,0.0,0.0,0.0,0.0,0.0,0.0
217.0,1e-06,1e-06,1e-06,1e-06,1e-07,1e-06,1e-06,1e-06,1e-06,1e-06,1e-06,1e-06,1e-06,0.000838698012751,1.66666666667e+99,0.0,0.0,0.0,1.66666666667e+99,0.0,0.0,0.0,0.0,0.0,0.0,0.0
218.0,1e-06,1e-06,1e-06,1e-06,1e-07,1e-06,1e-06,1e-06,1e-06,1e-06,1e-06,1e-06,1e-06,0.000837976629577,1.66666666667e+99,0.0,0.0,0.0,1.66666666667e+99,0.0,0.0,0.0,0.0,0.0,0.0,0.0
219.0,1e-06,1e-06,1e-06,1e-06,1e-07,1e-06,1e-06,1e-06,1e-06,1e-06,1e-06,1e-06,1e-06,0.000837255460151,1.66666666667e+99,0.0,0.0,0.0,1.66666666667e+99,0.0,0.0,0.0,0.0,0.0,0.0,0.0
220.0,1e-06,1e-06,1e-06,1e-06,1e-07,1e-06,1e-06,1e-06,1e-06,1e-06,1e-06,1e-06,1e-06,0.000836534504651,1.66666666667e+99,0.0,0.0,0.0,1.66666666667e+99,0.0,0.0,0.0,0.0,0.0,0.0,0.0
221.0,1e-06,1e-06,1e-06,1e-06,1e-07,1e-06,1e-06,1e-06,1e-06,1e-06,1e-06,1e-06,1e-06,0.000835813763254,1.66666666667e+99,0.0,0.0,0.0,1.66666666667e+99,0.0,0.0,0.0,0.0,0.0,0.0,0.0
222.0,1e-06,1e-06,1e-06,1e-06,1e-07,1e-06,1e-06,1e-06,1e-06,1e-06,1e-06,1e-06,1e-06,0.00083509323614,1.66666666667e+99,0.0,0.0,0.0,1.66666666667e+99,0.0,0.0,0.0,0.0,0.0,0.0,0.0
223.0,1e-06,1e-06,1e-06,1e-06,1e-07,1e-06,1e-06,1e-06,1e-06,1e-06,1e-06,1e-06,1e-06,0.000834372923485,1.66666666667e+99,0.0,0.0,0.0,1.66666666667e+99,0.0,0.0,0.0,0.0,0.0,0.0,0.0
224.0,1e-06,1e-06,1e-06,1e-06,1e-07,1e-06,1e-06,1e-06,1e-06,1e-06,1e-06,1e-06,1e-06,0.00083365282547,1.66666666667e+99,0.0,0.0,0.0,1.66666666667e+99,0.0,0.0,0.0,0.0,0.0,0.0,0.0
225.0,1e-06,1e-06,1e-06,1e-06,1e-07,1e-06,1e-06,1e-06,1e-06,1e-06,1e-06,1e-06,1e-06,0.000832932942273,1.66666666667e+99,0.0,0.0,0.0,1.66666666667e+99,0.0,0.0,0.0,0.0,0.0,0.0,0.0
226.0,1e-06,1e-06,1e-06,1e-06,1e-07,1e-06,1e-06,1e-06,1e-06,1e-06,1e-06,1e-06,1e-06,0.000832213274072,1.66666666667e+99,0.0,0.0,0.0,1.66666666667e+99,0.0,0.0,0.0,0.0,0.0,0.0,0.0
227.0,1e-06,1e-06,1e-06,1e-06,1e-07,1e-06,1e-06,1e-06,1e-06,1e-06,1e-06,1e-06,1e-06,0.000831493821047,1.66666666667e+99,0.0,0.0,0.0,1.66666666667e+99,0.0,0.0,0.0,0.0,0.0,0.0,0.0
228.0,1e-06,1e-06,1e-06,1e-06,1e-07,1e-06,1e-06,1e-06,1e-06,1e-06,1e-06,1e-06,1e-06,0.000830774583376,1.66666666667e+99,0.0,0.0,0.0,1.66666666667e+99,0.0,0.0,0.0,0.0,0.0,0.0,0.0
229.0,1e-06,1e-06,1e-06,1e-06,1e-07,1e-06,1e-06,1e-06,1e-06,1e-06,1e-06,1e-06,1e-06,0.000830055561239,1.66666666667e+99,0.0,0.0,0.0,1.66666666667e+99,0.0,0.0,0.0,0.0,0.0,0.0,0.0
230.0,1e-06,1e-06,1e-06,1e-06,1e-07,1e-06,1e-06,1e-06,1e-06,1e-06,1e-06,1e-06,1e-06,0.000829336754816,1.66666666667e+99,0.0,0.0,0.0,1.66666666667e+99,0.0,0.0,0.0,0.0,0.0,0.0,0.0
231.0,1e-06,1e-06,1e-06,1e-06,1e-07,1e-06,1e-06,1e-06,1e-06,1e-06,1e-06,1e-06,1e-06,0.000828618164285,1.66666666667e+99,0.0,0.0,0.0,1.66666666667e+99,0.0,0.0,0.0,0.0,0.0,0.0,0.0
232.0,1e-06,1e-06,1e-06,1e-06,1e-07,1e-06,1e-06,1e-06,1e-06,1e-06,1e-06,1e-06,1e-06,0.000827899789828,1.66666666667e+99,0.0,0.0,0.0,1.66666666667e+99,0.0,0.0,0.0,0.0,0.0,0.0,0.0
233.0,1e-06,1e-06,1e-06,1e-06,1e-07,1e-06,1e-06,1e-06,1e-06,1e-06,1e-06,1e-06,1e-06,0.000827181631622,1.66666666667e+99,0.0,0.0,0.0,1.66666666667e+99,0.0,0.0,0.0,0.0,0.0,0.0,0.0
234.0,1e-06,1e-06,1e-06,1e-06,1e-07,1e-06,1e-06,1e-06,1e-06,1e-06,1e-06,1e-06,1e-06,0.00082646368985,1.66666666667e+99,0.0,0.0,0.0,1.66666666667e+99,0.0,0.0,0.0,0.0,0.0,0.0,0.0
235.0,1e-06,1e-06,1e-06,1e-06,1e-07,1e-06,1e-06,1e-06,1e-06,1e-06,1e-06,1e-06,1e-06,0.000825745964689,1.66666666667e+99,0.0,0.0,0.0,1.66666666667e+99,0.0,0.0,0.0,0.0,0.0,0.0,0.0
236.0,1e-06,1e-06,1e-06,1e-06,1e-07,1e-06,1e-06,1e-06,1e-06,1e-06,1e-06,1e-06,1e-06,0.000825028456322,1.66666666667e+99,0.0,0.0,0.0,1.66666666667e+99,0.0,0.0,0.0,0.0,0.0,0.0,0.0
237.0,1e-06,1e-06,1e-06,1e-06,1e-07,1e-06,1e-06,1e-06,1e-06,1e-06,1e-06,1e-06,1e-06,0.000824311164927,1.66666666667e+99,0.0,0.0,0.0,1.66666666667e+99,0.0,0.0,0.0,0.0,0.0,0.0,0.0
238.0,1e-06,1e-06,1e-06,1e-06,1e-07,1e-06,1e-06,1e-06,1e-06,1e-06,1e-06,1e-06,1e-06,0.000823594090687,1.66666666667e+99,0.0,0.0,0.0,1.66666666667e+99,0.0,0.0,0.0,0.0,0.0,0.0,0.0
239.0,1e-06,1e-06,1e-06,1e-06,1e-07,1e-06,1e-06,1e-06,1e-06,1e-06,1e-06,1e-06,1e-06,0.000822877233781,1.66666666667e+99,0.0,0.0,0.0,1.66666666667e+99,0.0,0.0,0.0,0.0,0.0,0.0,0.0
240.0,1e-06,1e-06,1e-06,1e-06,1e-07,1e-06,1e-06,1e-06,1e-06,1e-06,1e-06,1e-06,1e-06,0.00082216059439,1.66666666667e+99,0.0,0.0,0.0,1.66666666667e+99,0.0,0.0,0.0,0.0,0.0,0.0,0.0
241.0,1e-06,1e-06,1e-06,1e-06,1e-07,1e-06,1e-06,1e-06,1e-06,1e-06,1e-06,1e-06,1e-06,0.000821444172695,1.66666666667e+99,0.0,0.0,0.0,1.66666666667e+99,0.0,0.0,0.0,0.0,0.0,0.0,0.0
242.0,1e-06,1e-06,1e-06,1e-06,1e-07,1e-06,1e-06,1e-06,1e-06,1e-06,1e-06,1e-06,1e-06,0.000820727968878,1.66666666667e+99,0.0,0.0,0.0,1.66666666667e+99,0.0,0.0,0.0,0.0,0.0,0.0,0.0
243.0,1e-06,1e-06,1e-06,1e-06,1e-07,1e-06,1e-06,1e-06,1e-06,1e-06,1e-06,1e-06,1e-06,0.000820011983119,1.66666666667e+99,0.0,0.0,0.0,1.66666666667e+99,0.0,0.0,0.0,0.0,0.0,0.0,0.0
244.0,1e-06,1e-06,1e-06,1e-06,1e-07,1e-06,1e-06,1e-06,1e-06,1e-06,1e-06,1e-06,1e-06,0.0008192962156,1.66666666667e+99,0.0,0.0,0.0,1.66666666667e+99,0.0,0.0,0.0,0.0,0.0,0.0,0.0
245.0,1e-06,1e-06,1e-06,1e-06,1e-07,1e-06,1e-06,1e-06,1e-06,1e-06,1e-06,1e-06,1e-06,0.000818580666503,1.66666666667e+99,0.0,0.0,0.0,1.66666666667e+99,0.0,0.0,0.0,0.0,0.0,0.0,0.0
246.0,1e-06,1e-06,1e-06,1e-06,1e-07,1e-06,1e-06,1e-06,1e-06,1e-06,1e-06,1e-06,1e-06,0.000817865336009,1.66666666667e+99,0.0,0.0,0.0,1.66666666667e+99,0.0,0.0,0.0,0.0,0.0,0.0,0.0
247.0,1e-06,1e-06,1e-06,1e-06,1e-07,1e-06,1e-06,1e-06,1e-06,1e-06,1e-06,1e-06,1e-06,0.000817150224299,1.66666666667e+99,0.0,0.0,0.0,1.66666666667e+99,0.0,0.0,0.0,0.0,0.0,0.0,0.0
248.0,1e-06,1e-06,1e-06,1e-06,1e-07,1e-06,1e-06,1e-06,1e-06,1e-06,1e-06,1e-06,1e-06,0.000816435331557,1.66666666667e+99,0.0,0.0,0.0,1.66666666667e+99,0.0,0.0,0.0,0.0,0.0,0.0,0.0
249.0,1e-06,1e-06,1e-06,1e-06,1e-07,1e-06,1e-06,1e-06,1e-06,1e-06,1e-06,1e-06,1e-06,0.000815720657964,1.66666666667e+99,0.0,0.0,0.0,1.66666666667e+99,0.0,0.0,0.0,0.0,0.0,0.0,0.0
250.0,1e-06,1e-06,1e-06,1e-06,1e-07,1e-06,1e-06,1e-06,1e-06,1e-06,1e-06,1e-06,1e-06,0.000815006203701,1.66666666667e+99,0.0,0.0,0.0,1.66666666667e+99,0.0,0.0,0.0,0.0,0.0,0.0,0.0
251.0,1e-06,1e-06,1e-06,1e-06,1e-07,1e-06,1e-06,1e-06,1e-06,1e-06,1e-06,1e-06,1e-06,0.000814291968953,1.66666666667e+99,0.0,0.0,0.0,1.66666666667e+99,0.0,0.0,0.0,0.0,0.0,0.0,0.0
252.0,1e-06,1e-06,1e-06,1e-06,1e-07,1e-06,1e-06,1e-06,1e-06,1e-06,1e-06,1e-06,1e-06,0.0008135779539,1.66666666667e+99,0.0,0.0,0.0,1.66666666667e+99,0.0,0.0,0.0,0.0,0.0,0.0,0.0
253.0,1e-06,1e-06,1e-06,1e-06,1e-07,1e-06,1e-06,1e-06,1e-06,1e-06,1e-06,1e-06,1e-06,0.000812864158726,1.66666666667e+99,0.0,0.0,0.0,1.66666666667e+99,0.0,0.0,0.0,0.0,0.0,0.0,0.0
254.0,1e-06,1e-06,1e-06,1e-06,1e-07,1e-06,1e-06,1e-06,1e-06,1e-06,1e-06,1e-06,1e-06,0.000812150583614,1.66666666667e+99,0.0,0.0,0.0,1.66666666667e+99,0.0,0.0,0.0,0.0,0.0,0.0,0.0
255.0,1e-06,1e-06,1e-06,1e-06,1e-07,1e-06,1e-06,1e-06,1e-06,1e-06,1e-06,1e-06,1e-06,0.000811437228746,1.66666666667e+99,0.0,0.0,0.0,1.66666666667e+99,0.0,0.0,0.0,0.0,0.0,0.0,0.0
256.0,1e-06,1e-06,1e-06,1e-06,1e-07,1e-06,1e-06,1e-06,1e-06,1e-06,1e-06,1e-06,1e-06,0.000810724094306,1.66666666667e+99,0.0,0.0,0.0,1.66666666667e+99,0.0,0.0,0.0,0.0,0.0,0.0,0.0
257.0,1e-06,1e-06,1e-06,1e-06,1e-07,1e-06,1e-06,1e-06,1e-06,1e-06,1e-06,1e-06,1e-06,0.000810011180476,1.66666666667e+99,0.0,0.0,0.0,1.66666666667e+99,0.0,0.0,0.0,0.0,0.0,0.0,0.0
258.0,1e-06,1e-06,1e-06,1e-06,1e-07,1e-06,1e-06,1e-06,1e-06,1e-06,1e-06,1e-06,1e-06,0.00080929848744,1.66666666667e+99,0.0,0.0,0.0,1.66666666667e+99,0.0,0.0,0.0,0.0,0.0,0.0,0.0
259.0,1e-06,1e-06,1e-06,1e-06,1e-07,1e-06,1e-06,1e-06,1e-06,1e-06,1e-06,1e-06,1e-06,0.000808586015382,1.66666666667e+99,0.0,0.0,0.0,1.66666666667e+99,0.0,0.0,0.0,0.0,0.0,0.0,0.0
260.0,1e-06,1e-06,1e-06,1e-06,1e-07,1e-06,1e-06,1e-06,1e-06,1e-06,1e-06,1e-06,1e-06,0.000807873764485,1.66666666667e+99,0.0,0.0,0.0,1.66666666667e+99,0.0,0.0,0.0,0.0,0.0,0.0,0.0
261.0,1e-06,1e-06,1e-06,1e-06,1e-07,1e-06,1e-06,1e-06,1e-06,1e-06,1e-06,1e-06,1e-06,0.000807161734933,1.66666666667e+99,0.0,0.0,0.0,1.66666666667e+99,0.0,0.0,0.0,0.0,0.0,0.0,0.0
262.0,1e-06,1e-06,1e-06,1e-06,1e-07,1e-06,1e-06,1e-06,1e-06,1e-06,1e-06,1e-06,1e-06,0.00080644992691,1.66666666667e+99,0.0,0.0,0.0,1.66666666667e+99,0.0,0.0,0.0,0.0,0.0,0.0,0.0
263.0,1e-06,1e-06,1e-06,1e-06,1e-07,1e-06,1e-06,1e-06,1e-06,1e-06,1e-06,1e-06,1e-06,0.0008057383406,1.66666666667e+99,0.0,0.0,0.0,1.66666666667e+99,0.0,0.0,0.0,0.0,0.0,0.0,0.0
264.0,1e-06,1e-06,1e-06,1e-06,1e-07,1e-06,1e-06,1e-06,1e-06,1e-06,1e-06,1e-06,1e-06,0.000805026976187,1.66666666667e+99,0.0,0.0,0.0,1.66666666667e+99,0.0,0.0,0.0,0.0,0.0,0.0,0.0
265.0,1e-06,1e-06,1e-06,1e-06,1e-07,1e-06,1e-06,1e-06,1e-06,1e-06,1e-06,1e-06,1e-06,0.000804315833855,1.66666666667e+99,0.0,0.0,0.0,1.66666666667e+99,0.0,0.0,0.0,0.0,0.0,0.0,0.0
266.0,1e-06,1e-06,1e-06,1e-06,1e-07,1e-06,1e-06,1e-06,1e-06,1e-06,1e-06,1e-06,1e-06,0.000803604913789,1.66666666667e+99,0.0,0.0,0.0,1.66666666667e+99,0.0,0.0,0.0,0.0,0.0,0.0,0.0
267.0,1e-06,1e-06,1e-06,1e-06,1e-07,1e-06,1e-06,1e-06,1e-06,1e-06,1e-06,1e-06,1e-06,0.000802894216174,1.66666666667e+99,0.0,0.0,0.0,1.66666666667e+99,0.0,0.0,0.0,0.0,0.0,0.0,0.0
268.0,1e-06,1e-06,1e-06,1e-06,1e-07,1e-06,1e-06,1e-06,1e-06,1e-06,1e-06,1e-06,1e-06,0.000802183741194,1.66666666667e+99,0.0,0.0,0.0,1.66666666667e+99,0.0,0.0,0.0,0.0,0.0,0.0,0.0
269.0,1e-06,1e-06,1e-06,1e-06,1e-07,1e-06,1e-06,1e-06,1e-06,1e-06,1e-06,1e-06,1e-06,0.000801473489034,1.66666666667e+99,0.0,0.0,0.0,1.66666666667e+99,0.0,0.0,0.0,0.0,0.0,0.0,0.0
270.0,1e-06,1e-06,1e-06,1e-06,1e-07,1e-06,1e-06,1e-06,1e-06,1e-06,1e-06,1e-06,1e-06,0.000800763459879,1.66666666667e+99,0.0,0.0,0.0,1.66666666667e+99,0.0,0.0,0.0,0.0,0.0,0.0,0.0
271.0,1e-06,1e-06,1e-06,1e-06,1e-07,1e-06,1e-06,1e-06,1e-06,1e-06,1e-06,1e-06,1e-06,0.000800053653915,1.66666666667e+99,0.0,0.0,0.0,1.66666666667e+99,0.0,0.0,0.0,0.0,0.0,0.0,0.0
272.0,1e-06,1e-06,1e-06,1e-06,1e-07,1e-06,1e-06,1e-06,1e-06,1e-06,1e-06,1e-06,1e-06,0.000799344071326,1.66666666667e+99,0.0,0.0,0.0,1.66666666667e+99,0.0,0.0,0.0,0.0,0.0,0.0,0.0
273.0,1e-06,1e-06,1e-06,1e-06,1e-07,1e-06,1e-06,1e-06,1e-06,1e-06,1e-06,1e-06,1e-06,0.000798634712298,1.66666666667e+99,0.0,0.0,0.0,1.66666666667e+99,0.0,0.0,0.0,0.0,0.0,0.0,0.0
274.0,1e-06,1e-06,1e-06,1e-06,1e-07,1e-06,1e-06,1e-06,1e-06,1e-06,1e-06,1e-06,1e-06,0.000797925577017,1.66666666667e+99,0.0,0.0,0.0,1.66666666667e+99,0.0,0.0,0.0,0.0,0.0,0.0,0.0
275.0,1e-06,1e-06,1e-06,1e-06,1e-07,1e-06,1e-06,1e-06,1e-06,1e-06,1e-06,1e-06,1e-06,0.000797216665668,1.66666666667e+99,0.0,0.0,0.0,1.66666666667e+99,0.0,0.0,0.0,0.0,0.0,0.0,0.0
276.0,1e-06,1e-06,1e-06,1e-06,1e-07,1e-06,1e-06,1e-06,1e-06,1e-06,1e-06,1e-06,1e-06,0.000796507978437,1.66666666667e+99,0.0,0.0,0.0,1.66666666667e+99,0.0,0.0,0.0,0.0,0.0,0.0,0.0
277.0,1e-06,1e-06,1e-06,1e-06,1e-07,1e-06,1e-06,1e-06,1e-06,1e-06,1e-06,1e-06,1e-06,0.000795799515511,1.66666666667e+99,0.0,0.0,0.0,1.66666666667e+99,0.0,0.0,0.0,0.0,0.0,0.0,0.0
278.0,1e-06,1e-06,1e-06,1e-06,1e-07,1e-06,1e-06,1e-06,1e-06,1e-06,1e-06,1e-06,1e-06,0.000795091277075,1.66666666667e+99,0.0,0.0,0.0,1.66666666667e+99,0.0,0.0,0.0,0.0,0.0,0.0,0.0
279.0,1e-06,1e-06,1e-06,1e-06,1e-07,1e-06,1e-06,1e-06,1e-06,1e-06,1e-06,1e-06,1e-06,0.000794383263315,1.66666666667e+99,0.0,0.0,0.0,1.66666666667e+99,0.0,0.0,0.0,0.0,0.0,0.0,0.0
280.0,1e-06,1e-06,1e-06,1e-06,1e-07,1e-06,1e-06,1e-06,1e-06,1e-06,1e-06,1e-06,1e-06,0.000793675474419,1.66666666667e+99,0.0,0.0,0.0,1.66666666667e+99,0.0,0.0,0.0,0.0,0.0,0.0,0.0
281.0,1e-06,1e-06,1e-06,1e-06,1e-07,1e-06,1e-06,1e-06,1e-06,1e-06,1e-06,1e-06,1e-06,0.000792967910572,1.66666666667e+99,0.0,0.0,0.0,1.66666666667e+99,0.0,0.0,0.0,0.0,0.0,0.0,0.0
282.0,1e-06,1e-06,1e-06,1e-06,1e-07,1e-06,1e-06,1e-06,1e-06,1e-06,1e-06,1e-06,1e-06,0.000792260571961,1.66666666667e+99,0.0,0.0,0.0,1.66666666667e+99,0.0,0.0,0.0,0.0,0.0,0.0,0.0
283.0,1e-06,1e-06,1e-06,1e-06,1e-07,1e-06,1e-06,1e-06,1e-06,1e-06,1e-06,1e-06,1e-06,0.000791553458774,1.66666666667e+99,0.0,0.0,0.0,1.66666666667e+99,0.0,0.0,0.0,0.0,0.0,0.0,0.0
284.0,1e-06,1e-06,1e-06,1e-06,1e-07,1e-06,1e-06,1e-06,1e-06,1e-06,1e-06,1e-06,1e-06,0.000790846571197,1.66666666667e+99,0.0,0.0,0.0,1.66666666667e+99,0.0,0.0,0.0,0.0,0.0,0.0,0.0
285.0,1e-06,1e-06,1e-06,1e-06,1e-07,1e-06,1e-06,1e-06,1e-06,1e-06,1e-06,1e-06,1e-06,0.000790139909417,1.66666666667e+99,0.0,0.0,0.0,1.66666666667e+99,0.0,0.0,0.0,0.0,0.0,0.0,0.0
286.0,1e-06,1e-06,1e-06,1e-06,1e-07,1e-06,1e-06,1e-06,1e-06,1e-06,1e-06,1e-06,1e-06,0.000789433473621,1.66666666667e+99,0.0,0.0,0.0,1.66666666667e+99,0.0,0.0,0.0,0.0,0.0,0.0,0.0
287.0,1e-06,1e-06,1e-06,1e-06,1e-07,1e-06,1e-06,1e-06,1e-06,1e-06,1e-06,1e-06,1e-06,0.000788727263997,1.66666666667e+99,0.0,0.0,0.0,1.66666666667e+99,0.0,0.0,0.0,0.0,0.0,0.0,0.0
288.0,1e-06,1e-06,1e-06,1e-06,1e-07,1e-06,1e-06,1e-06,1e-06,1e-06,1e-06,1e-06,1e-06,0.000788021280733,1.66666666667e+99,0.0,0.0,0.0,1.66666666667e+99,0.0,0.0,0.0,0.0,0.0,0.0,0.0
289.0,1e-06,1e-06,1e-06,1e-06,1e-07,1e-06,1e-06,1e-06,1e-06,1e-06,1e-06,1e-06,1e-06,0.000787315524015,1.66666666667e+99,0.0,0.0,0.0,1.66666666667e+99,0.0,0.0,0.0,0.0,0.0,0.0,0.0
290.0,1e-06,1e-06,1e-06,1e-06,1e-07,1e-06,1e-06,1e-06,1e-06,1e-06,1e-06,1e-06,1e-06,0.000786609994032,1.66666666667e+99,0.0,0.0,0.0,1.66666666667e+99,0.0,0.0,0.0,0.0,0.0,0.0,0.0
291.0,1e-06,1e-06,1e-06,1e-06,1e-07,1e-06,1e-06,1e-06,1e-06,1e-06,1e-06,1e-06,1e-06,0.000785904690972,1.66666666667e+99,0.0,0.0,0.0,1.66666666667e+99,0.0,0.0,0.0,0.0,0.0,0.0,0.0
292.0,1e-06,1e-06,1e-06,1e-06,1e-07,1e-06,1e-06,1e-06,1e-06,1e-06,1e-06,1e-06,1e-06,0.000785199615023,1.66666666667e+99,0.0,0.0,0.0,1.66666666667e+99,0.0,0.0,0.0,0.0,0.0,0.0,0.0
293.0,1e-06,1e-06,1e-06,1e-06,1e-07,1e-06,1e-06,1e-06,1e-06,1e-06,1e-06,1e-06,1e-06,0.000784494766373,1.66666666667e+99,0.0,0.0,0.0,1.66666666667e+99,0.0,0.0,0.0,0.0,0.0,0.0,0.0
294.0,1e-06,1e-06,1e-06,1e-06,1e-07,1e-06,1e-06,1e-06,1e-06,1e-06,1e-06,1e-06,1e-06,0.000783790145211,1.66666666667e+99,0.0,0.0,0.0,1.66666666667e+99,0.0,0.0,0.0,0.0,0.0,0.0,0.0
295.0,1e-06,1e-06,1e-06,1e-06,1e-07,1e-06,1e-06,1e-06,1e-06,1e-06,1e-06,1e-06,1e-06,0.000783085751724,1.66666666667e+99,0.0,0.0,0.0,1.66666666667e+99,0.0,0.0,0.0,0.0,0.0,0.0,0.0
296.0,1e-06,1e-06,1e-06,1e-06,1e-07,1e-06,1e-06,1e-06,1e-06,1e-06,1e-06,1e-06,1e-06,0.000782381586101,1.66666666667e+99,0.0,0.0,0.0,1.66666666667e+99,0.0,0.0,0.0,0.0,0.0,0.0,0.0
297.0,1e-06,1e-06,1e-06,1e-06,1e-07,1e-06,1e-06,1e-06,1e-06,1e-06,1e-06,1e-06,1e-06,0.000781677648532,1.66666666667e+99,0.0,0.0,0.0,1.66666666667e+99,0.0,0.0,0.0,0.0,0.0,0.0,0.0
298.0,1e-06,1e-06,1e-06,1e-06,1e-07,1e-06,1e-06,1e-06,1e-06,1e-06,1e-06,1e-06,1e-06,0.000780973939205,1.66666666667e+99,0.0,0.0,0.0,1.66666666667e+99,0.0,0.0,0.0,0.0,0.0,0.0,0.0
299.0,1e-06,1e-06,1e-06,1e-06,1e-07,1e-06,1e-06,1e-06,1e-06,1e-06,1e-06,1e-06,1e-06,0.00078027045831,1.66666666667e+99,0.0,0.0,0.0,1.66666666667e+99,0.0,0.0,0.0,0.0,0.0,0.0,0.0
300.0,1e-06,1e-06,1e-06,1e-06,1e-07,1e-06,1e-06,1e-06,1e-06,1e-06,1e-06,1e-06,1e-06,0.000779567206034,1.66666666667e+99,0.0,0.0,0.0,1.66666666667e+99,0.0,0.0,0.0,0.0,0.0,0.0,0.0
301.0,1e-06,1e-06,1e-06,1e-06,1e-07,1e-06,1e-06,1e-06,1e-06,1e-06,1e-06,1e-06,1e-06,0.000778864182569,1.66666666667e+99,0.0,0.0,0.0,1.66666666667e+99,0.0,0.0,0.0,0.0,0.0,0.0,0.0
302.0,1e-06,1e-06,1e-06,1e-06,1e-07,1e-06,1e-06,1e-06,1e-06,1e-06,1e-06,1e-06,1e-06,0.000778161388102,1.66666666667e+99,0.0,0.0,0.0,1.66666666667e+99,0.0,0.0,0.0,0.0,0.0,0.0,0.0
303.0,1e-06,1e-06,1e-06,1e-06,1e-07,1e-06,1e-06,1e-06,1e-06,1e-06,1e-06,1e-06,1e-06,0.000777458822825,1.66666666667e+99,0.0,0.0,0.0,1.66666666667e+99,0.0,0.0,0.0,0.0,0.0,0.0,0.0
304.0,1e-06,1e-06,1e-06,1e-06,1e-07,1e-06,1e-06,1e-06,1e-06,1e-06,1e-06,1e-06,1e-06,0.000776756486925,1.66666666667e+99,0.0,0.0,0.0,1.66666666667e+99,0.0,0.0,0.0,0.0,0.0,0.0,0.0
305.0,1e-06,1e-06,1e-06,1e-06,1e-07,1e-06,1e-06,1e-06,1e-06,1e-06,1e-06,1e-06,1e-06,0.000776054380594,1.66666666667e+99,0.0,0.0,0.0,1.66666666667e+99,0.0,0.0,0.0,0.0,0.0,0.0,0.0
306.0,1e-06,1e-06,1e-06,1e-06,1e-07,1e-06,1e-06,1e-06,1e-06,1e-06,1e-06,1e-06,1e-06,0.000775352504022,1.66666666667e+99,0.0,0.0,0.0,1.66666666667e+99,0.0,0.0,0.0,0.0,0.0,0.0,0.0
307.0,1e-06,1e-06,1e-06,1e-06,1e-07,1e-06,1e-06,1e-06,1e-06,1e-06,1e-06,1e-06,1e-06,0.000774650857397,1.66666666667e+99,0.0,0.0,0.0,1.66666666667e+99,0.0,0.0,0.0,0.0,0.0,0.0,0.0
308.0,1e-06,1e-06,1e-06,1e-06,1e-07,1e-06,1e-06,1e-06,1e-06,1e-06,1e-06,1e-06,1e-06,0.000773949440912,1.66666666667e+99,0.0,0.0,0.0,1.66666666667e+99,0.0,0.0,0.0,0.0,0.0,0.0,0.0
309.0,1e-06,1e-06,1e-06,1e-06,1e-07,1e-06,1e-06,1e-06,1e-06,1e-06,1e-06,1e-06,1e-06,0.000773248254756,1.66666666667e+99,0.0,0.0,0.0,1.66666666667e+99,0.0,0.0,0.0,0.0,0.0,0.0,0.0
310.0,1e-06,1e-06,1e-06,1e-06,1e-07,1e-06,1e-06,1e-06,1e-06,1e-06,1e-06,1e-06,1e-06,0.000772547299119,1.66666666667e+99,0.0,0.0,0.0,1.66666666667e+99,0.0,0.0,0.0,0.0,0.0,0.0,0.0
311.0,1e-06,1e-06,1e-06,1e-06,1e-07,1e-06,1e-06,1e-06,1e-06,1e-06,1e-06,1e-06,1e-06,0.000771846574192,1.66666666667e+99,0.0,0.0,0.0,1.66666666667e+99,0.0,0.0,0.0,0.0,0.0,0.0,0.0
312.0,1e-06,1e-06,1e-06,1e-06,1e-07,1e-06,1e-06,1e-06,1e-06,1e-06,1e-06,1e-06,1e-06,0.000771146080167,1.66666666667e+99,0.0,0.0,0.0,1.66666666667e+99,0.0,0.0,0.0,0.0,0.0,0.0,0.0
313.0,1e-06,1e-06,1e-06,1e-06,1e-07,1e-06,1e-06,1e-06,1e-06,1e-06,1e-06,1e-06,1e-06,0.000770445817234,1.66666666667e+99,0.0,0.0,0.0,1.66666666667e+99,0.0,0.0,0.0,0.0,0.0,0.0,0.0
314.0,1e-06,1e-06,1e-06,1e-06,1e-07,1e-06,1e-06,1e-06,1e-06,1e-06,1e-06,1e-06,1e-06,0.000769745785584,1.66666666667e+99,0.0,0.0,0.0,1.66666666667e+99,0.0,0.0,0.0,0.0,0.0,0.0,0.0
315.0,1e-06,1e-06,1e-06,1e-06,1e-07,1e-06,1e-06,1e-06,1e-06,1e-06,1e-06,1e-06,1e-06,0.000769045985409,1.66666666667e+99,0.0,0.0,0.0,1.66666666667e+99,0.0,0.0,0.0,0.0,0.0,0.0,0.0
316.0,1e-06,1e-06,1e-06,1e-06,1e-07,1e-06,1e-06,1e-06,1e-06,1e-06,1e-06,1e-06,1e-06,0.000768346416899,1.66666666667e+99,0.0,0.0,0.0,1.66666666667e+99,0.0,0.0,0.0,0.0,0.0,0.0,0.0
317.0,1e-06,1e-06,1e-06,1e-06,1e-07,1e-06,1e-06,1e-06,1e-06,1e-06,1e-06,1e-06,1e-06,0.000767647080247,1.66666666667e+99,0.0,0.0,0.0,1.66666666667e+99,0.0,0.0,0.0,0.0,0.0,0.0,0.0
318.0,1e-06,1e-06,1e-06,1e-06,1e-07,1e-06,1e-06,1e-06,1e-06,1e-06,1e-06,1e-06,1e-06,0.000766947975644,1.66666666667e+99,0.0,0.0,0.0,1.66666666667e+99,0.0,0.0,0.0,0.0,0.0,0.0,0.0
319.0,1e-06,1e-06,1e-06,1e-06,1e-07,1e-06,1e-06,1e-06,1e-06,1e-06,1e-06,1e-06,1e-06,0.000766249103281,1.66666666667e+99,0.0,0.0,0.0,1.66666666667e+99,0.0,0.0,0.0,0.0,0.0,0.0,0.0
320.0,1e-06,1e-06,1e-06,1e-06,1e-07,1e-06,1e-06,1e-06,1e-06,1e-06,1e-06,1e-06,1e-06,0.000765550463351,1.66666666667e+99,0.0,0.0,0.0,1.66666666667e+99,0.0,0.0,0.0,0.0,0.0,0.0,0.0
321.0,1e-06,1e-06,1e-06,1e-06,1e-07,1e-06,1e-06,1e-06,1e-06,1e-06,1e-06,1e-06,1e-06,0.000764852056045,1.66666666667e+99,0.0,0.0,0.0,1.66666666667e+99,0.0,0.0,0.0,0.0,0.0,0.0,0.0
322.0,1e-06,1e-06,1e-06,1e-06,1e-07,1e-06,1e-06,1e-06,1e-06,1e-06,1e-06,1e-06,1e-06,0.000764153881557,1.66666666667e+99,0.0,0.0,0.0,1.66666666667e+99,0.0,0.0,0.0,0.0,0.0,0.0,0.0
323.0,1e-06,1e-06,1e-06,1e-06,1e-07,1e-06,1e-06,1e-06,1e-06,1e-06,1e-06,1e-06,1e-06,0.000763455940077,1.66666666667e+99,0.0,0.0,0.0,1.66666666667e+99,0.0,0.0,0.0,0.0,0.0,0.0,0.0
324.0,1e-06,1e-06,1e-06,1e-06,1e-07,1e-06,1e-06,1e-06,1e-06,1e-06,1e-06,1e-06,1e-06,0.000762758231799,1.66666666667e+99,0.0,0.0,0.0,1.66666666667e+99,0.0,0.0,0.0,0.0,0.0,0.0,0.0
325.0,1e-06,1e-06,1e-06,1e-06,1e-07,1e-06,1e-06,1e-06,1e-06,1e-06,1e-06,1e-06,1e-06,0.000762060756915,1.66666666667e+99,0.0,0.0,0.0,1.66666666667e+99,0.0,0.0,0.0,0.0,0.0,0.0,0.0
326.0,1e-06,1e-06,1e-06,1e-06,1e-07,1e-06,1e-06,1e-06,1e-06,1e-06,1e-06,1e-06,1e-06,0.000761363515618,1.66666666667e+99,0.0,0.0,0.0,1.66666666667e+99,0.0,0.0,0.0,0.0,0.0,0.0,0.0
327.0,1e-06,1e-06,1e-06,1e-06,1e-07,1e-06,1e-06,1e-06,1e-06,1e-06,1e-06,1e-06,1e-06,0.000760666508101,1.66666666667e+99,0.0,0.0,0.0,1.66666666667e+99,0.0,0.0,0.0,0.0,0.0,0.0,0.0
328.0,1e-06,1e-06,1e-06,1e-06,1e-07,1e-06,1e-06,1e-06,1e-06,1e-06,1e-06,1e-06,1e-06,0.000759969734557,1.66666666667e+99,0.0,0.0,0.0,1.66666666667e+99,0.0,0.0,0.0,0.0,0.0,0.0,0.0
329.0,1e-06,1e-06,1e-06,1e-06,1e-07,1e-06,1e-06,1e-06,1e-06,1e-06,1e-06,1e-06,1e-06,0.000759273195178,1.66666666667e+99,0.0,0.0,0.0,1.66666666667e+99,0.0,0.0,0.0,0.0,0.0,0.0,0.0
330.0,1e-06,1e-06,1e-06,1e-06,1e-07,1e-06,1e-06,1e-06,1e-06,1e-06,1e-06,1e-06,1e-06,0.000758576890158,1.66666666667e+99,0.0,0.0,0.0,1.66666666667e+99,0.0,0.0,0.0,0.0,0.0,0.0,0.0
331.0,1e-06,1e-06,1e-06,1e-06,1e-07,1e-06,1e-06,1e-06,1e-06,1e-06,1e-06,1e-06,1e-06,0.000757880819691,1.66666666667e+99,0.0,0.0,0.0,1.66666666667e+99,0.0,0.0,0.0,0.0,0.0,0.0,0.0
332.0,1e-06,1e-06,1e-06,1e-06,1e-07,1e-06,1e-06,1e-06,1e-06,1e-06,1e-06,1e-06,1e-06,0.00075718498397,1.66666666667e+99,0.0,0.0,0.0,1.66666666667e+99,0.0,0.0,0.0,0.0,0.0,0.0,0.0
333.0,1e-06,1e-06,1e-06,1e-06,1e-07,1e-06,1e-06,1e-06,1e-06,1e-06,1e-06,1e-06,1e-06,0.000756489383188,1.66666666667e+99,0.0,0.0,0.0,1.66666666667e+99,0.0,0.0,0.0,0.0,0.0,0.0,0.0
334.0,1e-06,1e-06,1e-06,1e-06,1e-07,1e-06,1e-06,1e-06,1e-06,1e-06,1e-06,1e-06,1e-06,0.00075579401754,1.66666666667e+99,0.0,0.0,0.0,1.66666666667e+99,0.0,0.0,0.0,0.0,0.0,0.0,0.0
335.0,1e-06,1e-06,1e-06,1e-06,1e-07,1e-06,1e-06,1e-06,1e-06,1e-06,1e-06,1e-06,1e-06,0.000755098887219,1.66666666667e+99,0.0,0.0,0.0,1.66666666667e+99,0.0,0.0,0.0,0.0,0.0,0.0,0.0
336.0,1e-06,1e-06,1e-06,1e-06,1e-07,1e-06,1e-06,1e-06,1e-06,1e-06,1e-06,1e-06,1e-06,0.000754403992419,1.66666666667e+99,0.0,0.0,0.0,1.66666666667e+99,0.0,0.0,0.0,0.0,0.0,0.0,0.0
337.0,1e-06,1e-06,1e-06,1e-06,1e-07,1e-06,1e-06,1e-06,1e-06,1e-06,1e-06,1e-06,1e-06,0.000753709333335,1.66666666667e+99,0.0,0.0,0.0,1.66666666667e+99,0.0,0.0,0.0,0.0,0.0,0.0,0.0
338.0,1e-06,1e-06,1e-06,1e-06,1e-07,1e-06,1e-06,1e-06,1e-06,1e-06,1e-06,1e-06,1e-06,0.000753014910161,1.66666666667e+99,0.0,0.0,0.0,1.66666666667e+99,0.0,0.0,0.0,0.0,0.0,0.0,0.0
339.0,1e-06,1e-06,1e-06,1e-06,1e-07,1e-06,1e-06,1e-06,1e-06,1e-06,1e-06,1e-06,1e-06,0.000752320723092,1.66666666667e+99,0.0,0.0,0.0,1.66666666667e+99,0.0,0.0,0.0,0.0,0.0,0.0,0.0
340.0,1e-06,1e-06,1e-06,1e-06,1e-07,1e-06,1e-06,1e-06,1e-06,1e-06,1e-06,1e-06,1e-06,0.000751626772321,1.66666666667e+99,0.0,0.0,0.0,1.66666666667e+99,0.0,0.0,0.0,0.0,0.0,0.0,0.0
341.0,1e-06,1e-06,1e-06,1e-06,1e-07,1e-06,1e-06,1e-06,1e-06,1e-06,1e-06,1e-06,1e-06,0.000750933058044,1.66666666667e+99,0.0,0.0,0.0,1.66666666667e+99,0.0,0.0,0.0,0.0,0.0,0.0,0.0
342.0,1e-06,1e-06,1e-06,1e-06,1e-07,1e-06,1e-06,1e-06,1e-06,1e-06,1e-06,1e-06,1e-06,0.000750239580456,1.66666666667e+99,0.0,0.0,0.0,1.66666666667e+99,0.0,0.0,0.0,0.0,0.0,0.0,0.0
343.0,1e-06,1e-06,1e-06,1e-06,1e-07,1e-06,1e-06,1e-06,1e-06,1e-06,1e-06,1e-06,1e-06,0.000749546339751,1.66666666667e+99,0.0,0.0,0.0,1.66666666667e+99,0.0,0.0,0.0,0.0,0.0,0.0,0.0
344.0,1e-06,1e-06,1e-06,1e-06,1e-07,1e-06,1e-06,1e-06,1e-06,1e-06,1e-06,1e-06,1e-06,0.000748853336125,1.66666666667e+99,0.0,0.0,0.0,1.66666666667e+99,0.0,0.0,0.0,0.0,0.0,0.0,0.0
345.0,1e-06,1e-06,1e-06,1e-06,1e-07,1e-06,1e-06,1e-06,1e-06,1e-06,1e-06,1e-06,1e-06,0.000748160569772,1.66666666667e+99,0.0,0.0,0.0,1.66666666667e+99,0.0,0.0,0.0,0.0,0.0,0.0,0.0
346.0,1e-06,1e-06,1e-06,1e-06,1e-07,1e-06,1e-06,1e-06,1e-06,1e-06,1e-06,1e-06,1e-06,0.000747468040889,1.66666666667e+99,0.0,0.0,0.0,1.66666666667e+99,0.0,0.0,0.0,0.0,0.0,0.0,0.0
347.0,1e-06,1e-06,1e-06,1e-06,1e-07,1e-06,1e-06,1e-06,1e-06,1e-06,1e-06,1e-06,1e-06,0.000746775749671,1.66666666667e+99,0.0,0.0,0.0,1.66666666667e+99,0.0,0.0,0.0,0.0,0.0,0.0,0.0
348.0,1e-06,1e-06,1e-06,1e-06,1e-07,1e-06,1e-06,1e-06,1e-06,1e-06,1e-06,1e-06,1e-06,0.000746083696314,1.66666666667e+99,0.0,0.0,0.0,1.66666666667e+99,0.0,0.0,0.0,0.0,0.0,0.0,0.0
349.0,1e-06,1e-06,1e-06,1e-06,1e-07,1e-06,1e-06,1e-06,1e-06,1e-06,1e-06,1e-06,1e-06,0.000745391881012,1.66666666667e+99,0.0,0.0,0.0,1.66666666667e+99,0.0,0.0,0.0,0.0,0.0,0.0,0.0
350.0,1e-06,1e-06,1e-06,1e-06,1e-07,1e-06,1e-06,1e-06,1e-06,1e-06,1e-06,1e-06,1e-06,0.000744700303963,1.66666666667e+99,0.0,0.0,0.0,1.66666666667e+99,0.0,0.0,0.0,0.0,0.0,0.0,0.0
351.0,1e-06,1e-06,1e-06,1e-06,1e-07,1e-06,1e-06,1e-06,1e-06,1e-06,1e-06,1e-06,1e-06,0.000744008965362,1.66666666667e+99,0.0,0.0,0.0,1.66666666667e+99,0.0,0.0,0.0,0.0,0.0,0.0,0.0
352.0,1e-06,1e-06,1e-06,1e-06,1e-07,1e-06,1e-06,1e-06,1e-06,1e-06,1e-06,1e-06,1e-06,0.000743317865405,1.66666666667e+99,0.0,0.0,0.0,1.66666666667e+99,0.0,0.0,0.0,0.0,0.0,0.0,0.0
353.0,1e-06,1e-06,1e-06,1e-06,1e-07,1e-06,1e-06,1e-06,1e-06,1e-06,1e-06,1e-06,1e-06,0.000742627004289,1.66666666667e+99,0.0,0.0,0.0,1.66666666667e+99,0.0,0.0,0.0,0.0,0.0,0.0,0.0
354.0,1e-06,1e-06,1e-06,1e-06,1e-07,1e-06,1e-06,1e-06,1e-06,1e-06,1e-06,1e-06,1e-06,0.000741936382211,1.66666666667e+99,0.0,0.0,0.0,1.66666666667e+99,0.0,0.0,0.0,0.0,0.0,0.0,0.0
355.0,1e-06,1e-06,1e-06,1e-06,1e-07,1e-06,1e-06,1e-06,1e-06,1e-06,1e-06,1e-06,1e-06,0.000741245999366,1.66666666667e+99,0.0,0.0,0.0,1.66666666667e+99,0.0,0.0,0.0,0.0,0.0,0.0,0.0
356.0,1e-06,1e-06,1e-06,1e-06,1e-07,1e-06,1e-06,1e-06,1e-06,1e-06,1e-06,1e-06,1e-06,0.000740555855951,1.66666666667e+99,0.0,0.0,0.0,1.66666666667e+99,0.0,0.0,0.0,0.0,0.0,0.0,0.0
357.0,1e-06,1e-06,1e-06,1e-06,1e-07,1e-06,1e-06,1e-06,1e-06,1e-06,1e-06,1e-06,1e-06,0.000739865952164,1.66666666667e+99,0.0,0.0,0.0,1.66666666667e+99,0.0,0.0,0.0,0.0,0.0,0.0,0.0
358.0,1e-06,1e-06,1e-06,1e-06,1e-07,1e-06,1e-06,1e-06,1e-06,1e-06,1e-06,1e-06,1e-06,0.000739176288201,1.66666666667e+99,0.0,0.0,0.0,1.66666666667e+99,0.0,0.0,0.0,0.0,0.0,0.0,0.0
359.0,1e-06,1e-06,1e-06,1e-06,1e-07,1e-06,1e-06,1e-06,1e-06,1e-06,1e-06,1e-06,1e-06,0.000738486864259,1.66666666667e+99,0.0,0.0,0.0,1.66666666667e+99,0.0,0.0,0.0,0.0,0.0,0.0,0.0
360.0,1e-06,1e-06,1e-06,1e-06,1e-07,1e-06,1e-06,1e-06,1e-06,1e-06,1e-06,1e-06,1e-06,0.000737797680536,1.66666666667e+99,0.0,0.0,0.0,1.66666666667e+99,0.0,0.0,0.0,0.0,0.0,0.0,0.0
361.0,1e-06,1e-06,1e-06,1e-06,1e-07,1e-06,1e-06,1e-06,1e-06,1e-06,1e-06,1e-06,1e-06,0.000737108737229,1.66666666667e+99,0.0,0.0,0.0,1.66666666667e+99,0.0,0.0,0.0,0.0,0.0,0.0,0.0
362.0,1e-06,1e-06,1e-06,1e-06,1e-07,1e-06,1e-06,1e-06,1e-06,1e-06,1e-06,1e-06,1e-06,0.000736420034535,1.66666666667e+99,0.0,0.0,0.0,1.66666666667e+99,0.0,0.0,0.0,0.0,0.0,0.0,0.0
363.0,1e-06,1e-06,1e-06,1e-06,1e-07,1e-06,1e-06,1e-06,1e-06,1e-06,1e-06,1e-06,1e-06,0.000735731572652,1.66666666667e+99,0.0,0.0,0.0,1.66666666667e+99,0.0,0.0,0.0,0.0,0.0,0.0,0.0
364.0,1e-06,1e-06,1e-06,1e-06,1e-07,1e-06,1e-06,1e-06,1e-06,1e-06,1e-06,1e-06,1e-06,0.000735043351779,1.66666666667e+99,0.0,0.0,0.0,1.66666666667e+99,0.0,0.0,0.0,0.0,0.0,0.0,0.0
365.0,1e-06,1e-06,1e-06,1e-06,1e-07,1e-06,1e-06,1e-06,1e-06,1e-06,1e-06,1e-06,1e-06,0.000734355372112,1.66666666667e+99,0.0,0.0,0.0,1.66666666667e+99,0.0,0.0,0.0,0.0,0.0,0.0,0.0
366.0,1e-06,1e-06,1e-06,1e-06,1e-07,1e-06,1e-06,1e-06,1e-06,1e-06,1e-06,1e-06,1e-06,0.000733667633849,1.66666666667e+99,0.0,0.0,0.0,1.66666666667e+99,0.0,0.0,0.0,0.0,0.0,0.0,0.0
367.0,1e-06,1e-06,1e-06,1e-06,1e-07,1e-06,1e-06,1e-06,1e-06,1e-06,1e-06,1e-06,1e-06,0.000732980137189,1.66666666667e+99,0.0,0.0,0.0,1.66666666667e+99,0.0,0.0,0.0,0.0,0.0,0.0,0.0
368.0,1e-06,1e-06,1e-06,1e-06,1e-07,1e-06,1e-06,1e-06,1e-06,1e-06,1e-06,1e-06,1e-06,0.000732292882331,1.66666666667e+99,0.0,0.0,0.0,1.66666666667e+99,0.0,0.0,0.0,0.0,0.0,0.0,0.0
369.0,1e-06,1e-06,1e-06,1e-06,1e-07,1e-06,1e-06,1e-06,1e-06,1e-06,1e-06,1e-06,1e-06,0.000731605869472,1.66666666667e+99,0.0,0.0,0.0,1.66666666667e+99,0.0,0.0,0.0,0.0,0.0,0.0,0.0
370.0,1e-06,1e-06,1e-06,1e-06,1e-07,1e-06,1e-06,1e-06,1e-06,1e-06,1e-06,1e-06,1e-06,0.000730919098811,1.66666666667e+99,0.0,0.0,0.0,1.66666666667e+99,0.0,0.0,0.0,0.0,0.0,0.0,0.0
371.0,1e-06,1e-06,1e-06,1e-06,1e-07,1e-06,1e-06,1e-06,1e-06,1e-06,1e-06,1e-06,1e-06,0.000730232570547,1.66666666667e+99,0.0,0.0,0.0,1.66666666667e+99,0.0,0.0,0.0,0.0,0.0,0.0,0.0
372.0,1e-06,1e-06,1e-06,1e-06,1e-07,1e-06,1e-06,1e-06,1e-06,1e-06,1e-06,1e-06,1e-06,0.000729546284878,1.66666666667e+99,0.0,0.0,0.0,1.66666666667e+99,0.0,0.0,0.0,0.0,0.0,0.0,0.0
373.0,1e-06,1e-06,1e-06,1e-06,1e-07,1e-06,1e-06,1e-06,1e-06,1e-06,1e-06,1e-06,1e-06,0.000728860242004,1.66666666667e+99,0.0,0.0,0.0,1.66666666667e+99,0.0,0.0,0.0,0.0,0.0,0.0,0.0
374.0,1e-06,1e-06,1e-06,1e-06,1e-07,1e-06,1e-06,1e-06,1e-06,1e-06,1e-06,1e-06,1e-06,0.000728174442123,1.66666666667e+99,0.0,0.0,0.0,1.66666666667e+99,0.0,0.0,0.0,0.0,0.0,0.0,0.0
375.0,1e-06,1e-06,1e-06,1e-06,1e-07,1e-06,1e-06,1e-06,1e-06,1e-06,1e-06,1e-06,1e-06,0.000727488885435,1.66666666667e+99,0.0,0.0,0.0,1.66666666667e+99,0.0,0.0,0.0,0.0,0.0,0.0,0.0
376.0,1e-06,1e-06,1e-06,1e-06,1e-07,1e-06,1e-06,1e-06,1e-06,1e-06,1e-06,1e-06,1e-06,0.000726803572138,1.66666666667e+99,0.0,0.0,0.0,1.66666666667e+99,0.0,0.0,0.0,0.0,0.0,0.0,0.0
377.0,1e-06,1e-06,1e-06,1e-06,1e-07,1e-06,1e-06,1e-06,1e-06,1e-06,1e-06,1e-06,1e-06,0.000726118502433,1.66666666667e+99,0.0,0.0,0.0,1.66666666667e+99,0.0,0.0,0.0,0.0,0.0,0.0,0.0
378.0,1e-06,1e-06,1e-06,1e-06,1e-07,1e-06,1e-06,1e-06,1e-06,1e-06,1e-06,1e-06,1e-06,0.000725433676519,1.66666666667e+99,0.0,0.0,0.0,1.66666666667e+99,0.0,0.0,0.0,0.0,0.0,0.0,0.0
379.0,1e-06,1e-06,1e-06,1e-06,1e-07,1e-06,1e-06,1e-06,1e-06,1e-06,1e-06,1e-06,1e-06,0.000724749094596,1.66666666667e+99,0.0,0.0,0.0,1.66666666667e+99,0.0,0.0,0.0,0.0,0.0,0.0,0.0
380.0,1e-06,1e-06,1e-06,1e-06,1e-07,1e-06,1e-06,1e-06,1e-06,1e-06,1e-06,1e-06,1e-06,0.000724064756863,1.66666666667e+99,0.0,0.0,0.0,1.66666666667e+99,0.0,0.0,0.0,0.0,0.0,0.0,0.0
381.0,1e-06,1e-06,1e-06,1e-06,1e-07,1e-06,1e-06,1e-06,1e-06,1e-06,1e-06,1e-06,1e-06,0.00072338066352,1.66666666667e+99,0.0,0.0,0.0,1.66666666667e+99,0.0,0.0,0.0,0.0,0.0,0.0,0.0
382.0,1e-06,1e-06,1e-06,1e-06,1e-07,1e-06,1e-06,1e-06,1e-06,1e-06,1e-06,1e-06,1e-06,0.000722696814768,1.66666666667e+99,0.0,0.0,0.0,1.66666666667e+99,0.0,0.0,0.0,0.0,0.0,0.0,0.0
383.0,1e-06,1e-06,1e-06,1e-06,1e-07,1e-06,1e-06,1e-06,1e-06,1e-06,1e-06,1e-06,1e-06,0.000722013210806,1.66666666667e+99,0.0,0.0,0.0,1.66666666667e+99,0.0,0.0,0.0,0.0,0.0,0.0,0.0
384.0,1e-06,1e-06,1e-06,1e-06,1e-07,1e-06,1e-06,1e-06,1e-06,1e-06,1e-06,1e-06,1e-06,0.000721329851835,1.66666666667e+99,0.0,0.0,0.0,1.66666666667e+99,0.0,0.0,0.0,0.0,0.0,0.0,0.0
385.0,1e-06,1e-06,1e-06,1e-06,1e-07,1e-06,1e-06,1e-06,1e-06,1e-06,1e-06,1e-06,1e-06,0.000720646738056,1.66666666667e+99,0.0,0.0,0.0,1.66666666667e+99,0.0,0.0,0.0,0.0,0.0,0.0,0.0
386.0,1e-06,1e-06,1e-06,1e-06,1e-07,1e-06,1e-06,1e-06,1e-06,1e-06,1e-06,1e-06,1e-06,0.000719963869669,1.66666666667e+99,0.0,0.0,0.0,1.66666666667e+99,0.0,0.0,0.0,0.0,0.0,0.0,0.0
387.0,1e-06,1e-06,1e-06,1e-06,1e-07,1e-06,1e-06,1e-06,1e-06,1e-06,1e-06,1e-06,1e-06,0.000719281246874,1.66666666667e+99,0.0,0.0,0.0,1.66666666667e+99,0.0,0.0,0.0,0.0,0.0,0.0,0.0
388.0,1e-06,1e-06,1e-06,1e-06,1e-07,1e-06,1e-06,1e-06,1e-06,1e-06,1e-06,1e-06,1e-06,0.000718598869873,1.66666666667e+99,0.0,0.0,0.0,1.66666666667e+99,0.0,0.0,0.0,0.0,0.0,0.0,0.0
389.0,1e-06,1e-06,1e-06,1e-06,1e-07,1e-06,1e-06,1e-06,1e-06,1e-06,1e-06,1e-06,1e-06,0.000717916738866,1.66666666667e+99,0.0,0.0,0.0,1.66666666667e+99,0.0,0.0,0.0,0.0,0.0,0.0,0.0
390.0,1e-06,1e-06,1e-06,1e-06,1e-07,1e-06,1e-06,1e-06,1e-06,1e-06,1e-06,1e-06,1e-06,0.000717234854055,1.66666666667e+99,0.0,0.0,0.0,1.66666666667e+99,0.0,0.0,0.0,0.0,0.0,0.0,0.0
391.0,1e-06,1e-06,1e-06,1e-06,1e-07,1e-06,1e-06,1e-06,1e-06,1e-06,1e-06,1e-06,1e-06,0.00071655321564,1.66666666667e+99,0.0,0.0,0.0,1.66666666667e+99,0.0,0.0,0.0,0.0,0.0,0.0,0.0
392.0,1e-06,1e-06,1e-06,1e-06,1e-07,1e-06,1e-06,1e-06,1e-06,1e-06,1e-06,1e-06,1e-06,0.000715871823823,1.66666666667e+99,0.0,0.0,0.0,1.66666666667e+99,0.0,0.0,0.0,0.0,0.0,0.0,0.0
393.0,1e-06,1e-06,1e-06,1e-06,1e-07,1e-06,1e-06,1e-06,1e-06,1e-06,1e-06,1e-06,1e-06,0.000715190678806,1.66666666667e+99,0.0,0.0,0.0,1.66666666667e+99,0.0,0.0,0.0,0.0,0.0,0.0,0.0
394.0,1e-06,1e-06,1e-06,1e-06,1e-07,1e-06,1e-06,1e-06,1e-06,1e-06,1e-06,1e-06,1e-06,0.000714509780791,1.66666666667e+99,0.0,0.0,0.0,1.66666666667e+99,0.0,0.0,0.0,0.0,0.0,0.0,0.0
395.0,1e-06,1e-06,1e-06,1e-06,1e-07,1e-06,1e-06,1e-06,1e-06,1e-06,1e-06,1e-06,1e-06,0.000713829129977,1.66666666667e+99,0.0,0.0,0.0,1.66666666667e+99,0.0,0.0,0.0,0.0,0.0,0.0,0.0
396.0,1e-06,1e-06,1e-06,1e-06,1e-07,1e-06,1e-06,1e-06,1e-06,1e-06,1e-06,1e-06,1e-06,0.000713148726569,1.66666666667e+99,0.0,0.0,0.0,1.66666666667e+99,0.0,0.0,0.0,0.0,0.0,0.0,0.0
397.0,1e-06,1e-06,1e-06,1e-06,1e-07,1e-06,1e-06,1e-06,1e-06,1e-06,1e-06,1e-06,1e-06,0.000712468570767,1.66666666667e+99,0.0,0.0,0.0,1.66666666667e+99,0.0,0.0,0.0,0.0,0.0,0.0,0.0
398.0,1e-06,1e-06,1e-06,1e-06,1e-07,1e-06,1e-06,1e-06,1e-06,1e-06,1e-06,1e-06,1e-06,0.000711788662774,1.66666666667e+99,0.0,0.0,0.0,1.66666666667e+99,0.0,0.0,0.0,0.0,0.0,0.0,0.0
399.0,1e-06,1e-06,1e-06,1e-06,1e-07,1e-06,1e-06,1e-06,1e-06,1e-06,1e-06,1e-06,1e-06,0.000711109002792,1.66666666667e+99,0.0,0.0,0.0,1.66666666667e+99,0.0,0.0,0.0,0.0,0.0,0.0,0.0
400.0,1e-06,1e-06,1e-06,1e-06,1e-07,1e-06,1e-06,1e-06,1e-06,1e-06,1e-06,1e-06,1e-06,0.000710429591023,1.66666666667e+99,0.0,0.0,0.0,1.66666666667e+99,0.0,0.0,0.0,0.0,0.0,0.0,0.0
401.0,1e-06,1e-06,1e-06,1e-06,1e-07,1e-06,1e-06,1e-06,1e-06,1e-06,1e-06,1e-06,1e-06,0.000709750427669,1.66666666667e+99,0.0,0.0,0.0,1.66666666667e+99,0.0,0.0,0.0,0.0,0.0,0.0,0.0
402.0,1e-06,1e-06,1e-06,1e-06,1e-07,1e-06,1e-06,1e-06,1e-06,1e-06,1e-06,1e-06,1e-06,0.000709071512934,1.66666666667e+99,0.0,0.0,0.0,1.66666666667e+99,0.0,0.0,0.0,0.0,0.0,0.0,0.0
403.0,1e-06,1e-06,1e-06,1e-06,1e-07,1e-06,1e-06,1e-06,1e-06,1e-06,1e-06,1e-06,1e-06,0.00070839284702,1.66666666667e+99,0.0,0.0,0.0,1.66666666667e+99,0.0,0.0,0.0,0.0,0.0,0.0,0.0
404.0,1e-06,1e-06,1e-06,1e-06,1e-07,1e-06,1e-06,1e-06,1e-06,1e-06,1e-06,1e-06,1e-06,0.000707714430129,1.66666666667e+99,0.0,0.0,0.0,1.66666666667e+99,0.0,0.0,0.0,0.0,0.0,0.0,0.0
405.0,1e-06,1e-06,1e-06,1e-06,1e-07,1e-06,1e-06,1e-06,1e-06,1e-06,1e-06,1e-06,1e-06,0.000707036262465,1.66666666667e+99,0.0,0.0,0.0,1.66666666667e+99,0.0,0.0,0.0,0.0,0.0,0.0,0.0
406.0,1e-06,1e-06,1e-06,1e-06,1e-07,1e-06,1e-06,1e-06,1e-06,1e-06,1e-06,1e-06,1e-06,0.000706358344231,1.66666666667e+99,0.0,0.0,0.0,1.66666666667e+99,0.0,0.0,0.0,0.0,0.0,0.0,0.0
407.0,1e-06,1e-06,1e-06,1e-06,1e-07,1e-06,1e-06,1e-06,1e-06,1e-06,1e-06,1e-06,1e-06,0.00070568067563,1.66666666667e+99,0.0,0.0,0.0,1.66666666667e+99,0.0,0.0,0.0,0.0,0.0,0.0,0.0
408.0,1e-06,1e-06,1e-06,1e-06,1e-07,1e-06,1e-06,1e-06,1e-06,1e-06,1e-06,1e-06,1e-06,0.000705003256866,1.66666666667e+99,0.0,0.0,0.0,1.66666666667e+99,0.0,0.0,0.0,0.0,0.0,0.0,0.0
409.0,1e-06,1e-06,1e-06,1e-06,1e-07,1e-06,1e-06,1e-06,1e-06,1e-06,1e-06,1e-06,1e-06,0.000704326088141,1.66666666667e+99,0.0,0.0,0.0,1.66666666667e+99,0.0,0.0,0.0,0.0,0.0,0.0,0.0
410.0,1e-06,1e-06,1e-06,1e-06,1e-07,1e-06,1e-06,1e-06,1e-06,1e-06,1e-06,1e-06,1e-06,0.000703649169659,1.66666666667e+99,0.0,0.0,0.0,1.66666666667e+99,0.0,0.0,0.0,0.0,0.0,0.0,0.0
411.0,1e-06,1e-06,1e-06,1e-06,1e-07,1e-06,1e-06,1e-06,1e-06,1e-06,1e-06,1e-06,1e-06,0.000702972501624,1.66666666667e+99,0.0,0.0,0.0,1.66666666667e+99,0.0,0.0,0.0,0.0,0.0,0.0,0.0
412.0,1e-06,1e-06,1e-06,1e-06,1e-07,1e-06,1e-06,1e-06,1e-06,1e-06,1e-06,1e-06,1e-06,0.00070229608424,1.66666666667e+99,0.0,0.0,0.0,1.66666666667e+99,0.0,0.0,0.0,0.0,0.0,0.0,0.0
413.0,1e-06,1e-06,1e-06,1e-06,1e-07,1e-06,1e-06,1e-06,1e-06,1e-06,1e-06,1e-06,1e-06,0.000701619917711,1.66666666667e+99,0.0,0.0,0.0,1.66666666667e+99,0.0,0.0,0.0,0.0,0.0,0.0,0.0
414.0,1e-06,1e-06,1e-06,1e-06,1e-07,1e-06,1e-06,1e-06,1e-06,1e-06,1e-06,1e-06,1e-06,0.000700944002241,1.66666666667e+99,0.0,0.0,0.0,1.66666666667e+99,0.0,0.0,0.0,0.0,0.0,0.0,0.0
415.0,1e-06,1e-06,1e-06,1e-06,1e-07,1e-06,1e-06,1e-06,1e-06,1e-06,1e-06,1e-06,1e-06,0.000700268338033,1.66666666667e+99,0.0,0.0,0.0,1.66666666667e+99,0.0,0.0,0.0,0.0,0.0,0.0,0.0
416.0,1e-06,1e-06,1e-06,1e-06,1e-07,1e-06,1e-06,1e-06,1e-06,1e-06,1e-06,1e-06,1e-06,0.000699592925293,1.66666666667e+99,0.0,0.0,0.0,1.66666666667e+99,0.0,0.0,0.0,0.0,0.0,0.0,0.0
417.0,1e-06,1e-06,1e-06,1e-06,1e-07,1e-06,1e-06,1e-06,1e-06,1e-06,1e-06,1e-06,1e-06,0.000698917764224,1.66666666667e+99,0.0,0.0,0.0,1.66666666667e+99,0.0,0.0,0.0,0.0,0.0,0.0,0.0
418.0,1e-06,1e-06,1e-06,1e-06,1e-07,1e-06,1e-06,1e-06,1e-06,1e-06,1e-06,1e-06,1e-06,0.000698242855031,1.66666666667e+99,0.0,0.0,0.0,1.66666666667e+99,0.0,0.0,0.0,0.0,0.0,0.0,0.0
419.0,1e-06,1e-06,1e-06,1e-06,1e-07,1e-06,1e-06,1e-06,1e-06,1e-06,1e-06,1e-06,1e-06,0.000697568197919,1.66666666667e+99,0.0,0.0,0.0,1.66666666667e+99,0.0,0.0,0.0,0.0,0.0,0.0,0.0
420.0,1e-06,1e-06,1e-06,1e-06,1e-07,1e-06,1e-06,1e-06,1e-06,1e-06,1e-06,1e-06,1e-06,0.000696893793093,1.66666666667e+99,0.0,0.0,0.0,1.66666666667e+99,0.0,0.0,0.0,0.0,0.0,0.0,0.0
421.0,1e-06,1e-06,1e-06,1e-06,1e-07,1e-06,1e-06,1e-06,1e-06,1e-06,1e-06,1e-06,1e-06,0.000696219640757,1.66666666667e+99,0.0,0.0,0.0,1.66666666667e+99,0.0,0.0,0.0,0.0,0.0,0.0,0.0
422.0,1e-06,1e-06,1e-06,1e-06,1e-07,1e-06,1e-06,1e-06,1e-06,1e-06,1e-06,1e-06,1e-06,0.000695545741117,1.66666666667e+99,0.0,0.0,0.0,1.66666666667e+99,0.0,0.0,0.0,0.0,0.0,0.0,0.0
423.0,1e-06,1e-06,1e-06,1e-06,1e-07,1e-06,1e-06,1e-06,1e-06,1e-06,1e-06,1e-06,1e-06,0.000694872094377,1.66666666667e+99,0.0,0.0,0.0,1.66666666667e+99,0.0,0.0,0.0,0.0,0.0,0.0,0.0
424.0,1e-06,1e-06,1e-06,1e-06,1e-07,1e-06,1e-06,1e-06,1e-06,1e-06,1e-06,1e-06,1e-06,0.000694198700744,1.66666666667e+99,0.0,0.0,0.0,1.66666666667e+99,0.0,0.0,0.0,0.0,0.0,0.0,0.0
425.0,1e-06,1e-06,1e-06,1e-06,1e-07,1e-06,1e-06,1e-06,1e-06,1e-06,1e-06,1e-06,1e-06,0.000693525560421,1.66666666667e+99,0.0,0.0,0.0,1.66666666667e+99,0.0,0.0,0.0,0.0,0.0,0.0,0.0
426.0,1e-06,1e-06,1e-06,1e-06,1e-07,1e-06,1e-06,1e-06,1e-06,1e-06,1e-06,1e-06,1e-06,0.000692852673615,1.66666666667e+99,0.0,0.0,0.0,1.66666666667e+99,0.0,0.0,0.0,0.0,0.0,0.0,0.0
427.0,1e-06,1e-06,1e-06,1e-06,1e-07,1e-06,1e-06,1e-06,1e-06,1e-06,1e-06,1e-06,1e-06,0.000692180040531,1.66666666667e+99,0.0,0.0,0.0,1.66666666667e+99,0.0,0.0,0.0,0.0,0.0,0.0,0.0
428.0,1e-06,1e-06,1e-06,1e-06,1e-07,1e-06,1e-06,1e-06,1e-06,1e-06,1e-06,1e-06,1e-06,0.000691507661376,1.66666666667e+99,0.0,0.0,0.0,1.66666666667e+99,0.0,0.0,0.0,0.0,0.0,0.0,0.0
429.0,1e-06,1e-06,1e-06,1e-06,1e-07,1e-06,1e-06,1e-06,1e-06,1e-06,1e-06,1e-06,1e-06,0.000690835536354,1.66666666667e+99,0.0,0.0,0.0,1.66666666667e+99,0.0,0.0,0.0,0.0,0.0,0.0,0.0
430.0,1e-06,1e-06,1e-06,1e-06,1e-07,1e-06,1e-06,1e-06,1e-06,1e-06,1e-06,1e-06,1e-06,0.000690163665672,1.66666666667e+99,0.0,0.0,0.0,1.66666666667e+99,0.0,0.0,0.0,0.0,0.0,0.0,0.0
431.0,1e-06,1e-06,1e-06,1e-06,1e-07,1e-06,1e-06,1e-06,1e-06,1e-06,1e-06,1e-06,1e-06,0.000689492049536,1.66666666667e+99,0.0,0.0,0.0,1.66666666667e+99,0.0,0.0,0.0,0.0,0.0,0.0,0.0
432.0,1e-06,1e-06,1e-06,1e-06,1e-07,1e-06,1e-06,1e-06,1e-06,1e-06,1e-06,1e-06,1e-06,0.000688820688152,1.66666666667e+99,0.0,0.0,0.0,1.66666666667e+99,0.0,0.0,0.0,0.0,0.0,0.0,0.0
433.0,1e-06,1e-06,1e-06,1e-06,1e-07,1e-06,1e-06,1e-06,1e-06,1e-06,1e-06,1e-06,1e-06,0.000688149581727,1.66666666667e+99,0.0,0.0,0.0,1.66666666667e+99,0.0,0.0,0.0,0.0,0.0,0.0,0.0
434.0,1e-06,1e-06,1e-06,1e-06,1e-07,1e-06,1e-06,1e-06,1e-06,1e-06,1e-06,1e-06,1e-06,0.000687478730466,1.66666666667e+99,0.0,0.0,0.0,1.66666666667e+99,0.0,0.0,0.0,0.0,0.0,0.0,0.0
435.0,1e-06,1e-06,1e-06,1e-06,1e-07,1e-06,1e-06,1e-06,1e-06,1e-06,1e-06,1e-06,1e-06,0.000686808134577,1.66666666667e+99,0.0,0.0,0.0,1.66666666667e+99,0.0,0.0,0.0,0.0,0.0,0.0,0.0
436.0,1e-06,1e-06,1e-06,1e-06,1e-07,1e-06,1e-06,1e-06,1e-06,1e-06,1e-06,1e-06,1e-06,0.000686137794266,1.66666666667e+99,0.0,0.0,0.0,1.66666666667e+99,0.0,0.0,0.0,0.0,0.0,0.0,0.0
437.0,1e-06,1e-06,1e-06,1e-06,1e-07,1e-06,1e-06,1e-06,1e-06,1e-06,1e-06,1e-06,1e-06,0.00068546770974,1.66666666667e+99,0.0,0.0,0.0,1.66666666667e+99,0.0,0.0,0.0,0.0,0.0,0.0,0.0
438.0,1e-06,1e-06,1e-06,1e-06,1e-07,1e-06,1e-06,1e-06,1e-06,1e-06,1e-06,1e-06,1e-06,0.000684797881205,1.66666666667e+99,0.0,0.0,0.0,1.66666666667e+99,0.0,0.0,0.0,0.0,0.0,0.0,0.0
439.0,1e-06,1e-06,1e-06,1e-06,1e-07,1e-06,1e-06,1e-06,1e-06,1e-06,1e-06,1e-06,1e-06,0.000684128308869,1.66666666667e+99,0.0,0.0,0.0,1.66666666667e+99,0.0,0.0,0.0,0.0,0.0,0.0,0.0
440.0,1e-06,1e-06,1e-06,1e-06,1e-07,1e-06,1e-06,1e-06,1e-06,1e-06,1e-06,1e-06,1e-06,0.00068345899294,1.66666666667e+99,0.0,0.0,0.0,1.66666666667e+99,0.0,0.0,0.0,0.0,0.0,0.0,0.0
441.0,1e-06,1e-06,1e-06,1e-06,1e-07,1e-06,1e-06,1e-06,1e-06,1e-06,1e-06,1e-06,1e-06,0.000682789933623,1.66666666667e+99,0.0,0.0,0.0,1.66666666667e+99,0.0,0.0,0.0,0.0,0.0,0.0,0.0
442.0,1e-06,1e-06,1e-06,1e-06,1e-07,1e-06,1e-06,1e-06,1e-06,1e-06,1e-06,1e-06,1e-06,0.000682121131126,1.66666666667e+99,0.0,0.0,0.0,1.66666666667e+99,0.0,0.0,0.0,0.0,0.0,0.0,0.0
443.0,1e-06,1e-06,1e-06,1e-06,1e-07,1e-06,1e-06,1e-06,1e-06,1e-06,1e-06,1e-06,1e-06,0.000681452585658,1.66666666667e+99,0.0,0.0,0.0,1.66666666667e+99,0.0,0.0,0.0,0.0,0.0,0.0,0.0
444.0,1e-06,1e-06,1e-06,1e-06,1e-07,1e-06,1e-06,1e-06,1e-06,1e-06,1e-06,1e-06,1e-06,0.000680784297425,1.66666666667e+99,0.0,0.0,0.0,1.66666666667e+99,0.0,0.0,0.0,0.0,0.0,0.0,0.0
445.0,1e-06,1e-06,1e-06,1e-06,1e-07,1e-06,1e-06,1e-06,1e-06,1e-06,1e-06,1e-06,1e-06,0.000680116266636,1.66666666667e+99,0.0,0.0,0.0,1.66666666667e+99,0.0,0.0,0.0,0.0,0.0,0.0,0.0
446.0,1e-06,1e-06,1e-06,1e-06,1e-07,1e-06,1e-06,1e-06,1e-06,1e-06,1e-06,1e-06,1e-06,0.000679448493497,1.66666666667e+99,0.0,0.0,0.0,1.66666666667e+99,0.0,0.0,0.0,0.0,0.0,0.0,0.0
447.0,1e-06,1e-06,1e-06,1e-06,1e-07,1e-06,1e-06,1e-06,1e-06,1e-06,1e-06,1e-06,1e-06,0.000678780978217,1.66666666667e+99,0.0,0.0,0.0,1.66666666667e+99,0.0,0.0,0.0,0.0,0.0,0.0,0.0
448.0,1e-06,1e-06,1e-06,1e-06,1e-07,1e-06,1e-06,1e-06,1e-06,1e-06,1e-06,1e-06,1e-06,0.000678113721005,1.66666666667e+99,0.0,0.0,0.0,1.66666666667e+99,0.0,0.0,0.0,0.0,0.0,0.0,0.0
449.0,1e-06,1e-06,1e-06,1e-06,1e-07,1e-06,1e-06,1e-06,1e-06,1e-06,1e-06,1e-06,1e-06,0.000677446722068,1.66666666667e+99,0.0,0.0,0.0,1.66666666667e+99,0.0,0.0,0.0,0.0,0.0,0.0,0.0
450.0,1e-06,1e-06,1e-06,1e-06,1e-07,1e-06,1e-06,1e-06,1e-06,1e-06,1e-06,1e-06,1e-06,0.000676779981614,1.66666666667e+99,0.0,0.0,0.0,1.66666666667e+99,0.0,0.0,0.0,0.0,0.0,0.0,0.0
451.0,1e-06,1e-06,1e-06,1e-06,1e-07,1e-06,1e-06,1e-06,1e-06,1e-06,1e-06,1e-06,1e-06,0.000676113499851,1.66666666667e+99,0.0,0.0,0.0,1.66666666667e+99,0.0,0.0,0.0,0.0,0.0,0.0,0.0
452.0,1e-06,1e-06,1e-06,1e-06,1e-07,1e-06,1e-06,1e-06,1e-06,1e-06,1e-06,1e-06,1e-06,0.00067544727699,1.66666666667e+99,0.0,0.0,0.0,1.66666666667e+99,0.0,0.0,0.0,0.0,0.0,0.0,0.0
453.0,1e-06,1e-06,1e-06,1e-06,1e-07,1e-06,1e-06,1e-06,1e-06,1e-06,1e-06,1e-06,1e-06,0.000674781313237,1.66666666667e+99,0.0,0.0,0.0,1.66666666667e+99,0.0,0.0,0.0,0.0,0.0,0.0,0.0
454.0,1e-06,1e-06,1e-06,1e-06,1e-07,1e-06,1e-06,1e-06,1e-06,1e-06,1e-06,1e-06,1e-06,0.000674115608802,1.66666666667e+99,0.0,0.0,0.0,1.66666666667e+99,0.0,0.0,0.0,0.0,0.0,0.0,0.0
455.0,1e-06,1e-06,1e-06,1e-06,1e-07,1e-06,1e-06,1e-06,1e-06,1e-06,1e-06,1e-06,1e-06,0.000673450163893,1.66666666667e+99,0.0,0.0,0.0,1.66666666667e+99,0.0,0.0,0.0,0.0,0.0,0.0,0.0
456.0,1e-06,1e-06,1e-06,1e-06,1e-07,1e-06,1e-06,1e-06,1e-06,1e-06,1e-06,1e-06,1e-06,0.000672784978719,1.66666666667e+99,0.0,0.0,0.0,1.66666666667e+99,0.0,0.0,0.0,0.0,0.0,0.0,0.0
457.0,1e-06,1e-06,1e-06,1e-06,1e-07,1e-06,1e-06,1e-06,1e-06,1e-06,1e-06,1e-06,1e-06,0.000672120053491,1.66666666667e+99,0.0,0.0,0.0,1.66666666667e+99,0.0,0.0,0.0,0.0,0.0,0.0,0.0
458.0,1e-06,1e-06,1e-06,1e-06,1e-07,1e-06,1e-06,1e-06,1e-06,1e-06,1e-06,1e-06,1e-06,0.000671455388415,1.66666666667e+99,0.0,0.0,0.0,1.66666666667e+99,0.0,0.0,0.0,0.0,0.0,0.0,0.0
459.0,1e-06,1e-06,1e-06,1e-06,1e-07,1e-06,1e-06,1e-06,1e-06,1e-06,1e-06,1e-06,1e-06,0.000670790983703,1.66666666667e+99,0.0,0.0,0.0,1.66666666667e+99,0.0,0.0,0.0,0.0,0.0,0.0,0.0
460.0,1e-06,1e-06,1e-06,1e-06,1e-07,1e-06,1e-06,1e-06,1e-06,1e-06,1e-06,1e-06,1e-06,0.000670126839563,1.66666666667e+99,0.0,0.0,0.0,1.66666666667e+99,0.0,0.0,0.0,0.0,0.0,0.0,0.0
461.0,1e-06,1e-06,1e-06,1e-06,1e-07,1e-06,1e-06,1e-06,1e-06,1e-06,1e-06,1e-06,1e-06,0.000669462956205,1.66666666667e+99,0.0,0.0,0.0,1.66666666667e+99,0.0,0.0,0.0,0.0,0.0,0.0,0.0
462.0,1e-06,1e-06,1e-06,1e-06,1e-07,1e-06,1e-06,1e-06,1e-06,1e-06,1e-06,1e-06,1e-06,0.000668799333838,1.66666666667e+99,0.0,0.0,0.0,1.66666666667e+99,0.0,0.0,0.0,0.0,0.0,0.0,0.0
463.0,1e-06,1e-06,1e-06,1e-06,1e-07,1e-06,1e-06,1e-06,1e-06,1e-06,1e-06,1e-06,1e-06,0.000668135972672,1.66666666667e+99,0.0,0.0,0.0,1.66666666667e+99,0.0,0.0,0.0,0.0,0.0,0.0,0.0
464.0,1e-06,1e-06,1e-06,1e-06,1e-07,1e-06,1e-06,1e-06,1e-06,1e-06,1e-06,1e-06,1e-06,0.000667472872917,1.66666666667e+99,0.0,0.0,0.0,1.66666666667e+99,0.0,0.0,0.0,0.0,0.0,0.0,0.0
465.0,1e-06,1e-06,1e-06,1e-06,1e-07,1e-06,1e-06,1e-06,1e-06,1e-06,1e-06,1e-06,1e-06,0.000666810034783,1.66666666667e+99,0.0,0.0,0.0,1.66666666667e+99,0.0,0.0,0.0,0.0,0.0,0.0,0.0
466.0,1e-06,1e-06,1e-06,1e-06,1e-07,1e-06,1e-06,1e-06,1e-06,1e-06,1e-06,1e-06,1e-06,0.00066614745848,1.66666666667e+99,0.0,0.0,0.0,1.66666666667e+99,0.0,0.0,0.0,0.0,0.0,0.0,0.0
467.0,1e-06,1e-06,1e-06,1e-06,1e-07,1e-06,1e-06,1e-06,1e-06,1e-06,1e-06,1e-06,1e-06,0.000665485144219,1.66666666667e+99,0.0,0.0,0.0,1.66666666667e+99,0.0,0.0,0.0,0.0,0.0,0.0,0.0
468.0,1e-06,1e-06,1e-06,1e-06,1e-07,1e-06,1e-06,1e-06,1e-06,1e-06,1e-06,1e-06,1e-06,0.000664823092208,1.66666666667e+99,0.0,0.0,0.0,1.66666666667e+99,0.0,0.0,0.0,0.0,0.0,0.0,0.0
469.0,1e-06,1e-06,1e-06,1e-06,1e-07,1e-06,1e-06,1e-06,1e-06,1e-06,1e-06,1e-06,1e-06,0.000664161302659,1.66666666667e+99,0.0,0.0,0.0,1.66666666667e+99,0.0,0.0,0.0,0.0,0.0,0.0,0.0
470.0,1e-06,1e-06,1e-06,1e-06,1e-07,1e-06,1e-06,1e-06,1e-06,1e-06,1e-06,1e-06,1e-06,0.000663499775782,1.66666666667e+99,0.0,0.0,0.0,1.66666666667e+99,0.0,0.0,0.0,0.0,0.0,0.0,0.0
471.0,1e-06,1e-06,1e-06,1e-06,1e-07,1e-06,1e-06,1e-06,1e-06,1e-06,1e-06,1e-06,1e-06,0.000662838511788,1.66666666667e+99,0.0,0.0,0.0,1.66666666667e+99,0.0,0.0,0.0,0.0,0.0,0.0,0.0
472.0,1e-06,1e-06,1e-06,1e-06,1e-07,1e-06,1e-06,1e-06,1e-06,1e-06,1e-06,1e-06,1e-06,0.000662177510888,1.66666666667e+99,0.0,0.0,0.0,1.66666666667e+99,0.0,0.0,0.0,0.0,0.0,0.0,0.0
473.0,1e-06,1e-06,1e-06,1e-06,1e-07,1e-06,1e-06,1e-06,1e-06,1e-06,1e-06,1e-06,1e-06,0.000661516773291,1.66666666667e+99,0.0,0.0,0.0,1.66666666667e+99,0.0,0.0,0.0,0.0,0.0,0.0,0.0
474.0,1e-06,1e-06,1e-06,1e-06,1e-07,1e-06,1e-06,1e-06,1e-06,1e-06,1e-06,1e-06,1e-06,0.00066085629921,1.66666666667e+99,0.0,0.0,0.0,1.66666666667e+99,0.0,0.0,0.0,0.0,0.0,0.0,0.0
475.0,1e-06,1e-06,1e-06,1e-06,1e-07,1e-06,1e-06,1e-06,1e-06,1e-06,1e-06,1e-06,1e-06,0.000660196088855,1.66666666667e+99,0.0,0.0,0.0,1.66666666667e+99,0.0,0.0,0.0,0.0,0.0,0.0,0.0
476.0,1e-06,1e-06,1e-06,1e-06,1e-07,1e-06,1e-06,1e-06,1e-06,1e-06,1e-06,1e-06,1e-06,0.000659536142438,1.66666666667e+99,0.0,0.0,0.0,1.66666666667e+99,0.0,0.0,0.0,0.0,0.0,0.0,0.0
477.0,1e-06,1e-06,1e-06,1e-06,1e-07,1e-06,1e-06,1e-06,1e-06,1e-06,1e-06,1e-06,1e-06,0.000658876460168,1.66666666667e+99,0.0,0.0,0.0,1.66666666667e+99,0.0,0.0,0.0,0.0,0.0,0.0,0.0
478.0,1e-06,1e-06,1e-06,1e-06,1e-07,1e-06,1e-06,1e-06,1e-06,1e-06,1e-06,1e-06,1e-06,0.000658217042259,1.66666666667e+99,0.0,0.0,0.0,1.66666666667e+99,0.0,0.0,0.0,0.0,0.0,0.0,0.0
479.0,1e-06,1e-06,1e-06,1e-06,1e-07,1e-06,1e-06,1e-06,1e-06,1e-06,1e-06,1e-06,1e-06,0.000657557888921,1.66666666667e+99,0.0,0.0,0.0,1.66666666667e+99,0.0,0.0,0.0,0.0,0.0,0.0,0.0
480.0,1e-06,1e-06,1e-06,1e-06,1e-07,1e-06,1e-06,1e-06,1e-06,1e-06,1e-06,1e-06,1e-06,0.000656899000365,1.66666666667e+99,0.0,0.0,0.0,1.66666666667e+99,0.0,0.0,0.0,0.0,0.0,0.0,0.0
481.0,1e-06,1e-06,1e-06,1e-06,1e-07,1e-06,1e-06,1e-06,1e-06,1e-06,1e-06,1e-06,1e-06,0.000656240376804,1.66666666667e+99,0.0,0.0,0.0,1.66666666667e+99,0.0,0.0,0.0,0.0,0.0,0.0,0.0
482.0,1e-06,1e-06,1e-06,1e-06,1e-07,1e-06,1e-06,1e-06,1e-06,1e-06,1e-06,1e-06,1e-06,0.00065558201845,1.66666666667e+99,0.0,0.0,0.0,1.66666666667e+99,0.0,0.0,0.0,0.0,0.0,0.0,0.0
483.0,1e-06,1e-06,1e-06,1e-06,1e-07,1e-06,1e-06,1e-06,1e-06,1e-06,1e-06,1e-06,1e-06,0.000654923925513,1.66666666667e+99,0.0,0.0,0.0,1.66666666667e+99,0.0,0.0,0.0,0.0,0.0,0.0,0.0
484.0,1e-06,1e-06,1e-06,1e-06,1e-07,1e-06,1e-06,1e-06,1e-06,1e-06,1e-06,1e-06,1e-06,0.000654266098206,1.66666666667e+99,0.0,0.0,0.0,1.66666666667e+99,0.0,0.0,0.0,0.0,0.0,0.0,0.0
485.0,1e-06,1e-06,1e-06,1e-06,1e-07,1e-06,1e-06,1e-06,1e-06,1e-06,1e-06,1e-06,1e-06,0.000653608536741,1.66666666667e+99,0.0,0.0,0.0,1.66666666667e+99,0.0,0.0,0.0,0.0,0.0,0.0,0.0
486.0,1e-06,1e-06,1e-06,1e-06,1e-07,1e-06,1e-06,1e-06,1e-06,1e-06,1e-06,1e-06,1e-06,0.000652951241331,1.66666666667e+99,0.0,0.0,0.0,1.66666666667e+99,0.0,0.0,0.0,0.0,0.0,0.0,0.0
487.0,1e-06,1e-06,1e-06,1e-06,1e-07,1e-06,1e-06,1e-06,1e-06,1e-06,1e-06,1e-06,1e-06,0.000652294212187,1.66666666667e+99,0.0,0.0,0.0,1.66666666667e+99,0.0,0.0,0.0,0.0,0.0,0.0,0.0
488.0,1e-06,1e-06,1e-06,1e-06,1e-07,1e-06,1e-06,1e-06,1e-06,1e-06,1e-06,1e-06,1e-06,0.000651637449521,1.66666666667e+99,0.0,0.0,0.0,1.66666666667e+99,0.0,0.0,0.0,0.0,0.0,0.0,0.0
489.0,1e-06,1e-06,1e-06,1e-06,1e-07,1e-06,1e-06,1e-06,1e-06,1e-06,1e-06,1e-06,1e-06,0.000650980953547,1.66666666667e+99,0.0,0.0,0.0,1.66666666667e+99,0.0,0.0,0.0,0.0,0.0,0.0,0.0
490.0,1e-06,1e-06,1e-06,1e-06,1e-07,1e-06,1e-06,1e-06,1e-06,1e-06,1e-06,1e-06,1e-06,0.000650324724477,1.66666666667e+99,0.0,0.0,0.0,1.66666666667e+99,0.0,0.0,0.0,0.0,0.0,0.0,0.0
491.0,1e-06,1e-06,1e-06,1e-06,1e-07,1e-06,1e-06,1e-06,1e-06,1e-06,1e-06,1e-06,1e-06,0.000649668762523,1.66666666667e+99,0.0,0.0,0.0,1.66666666667e+99,0.0,0.0,0.0,0.0,0.0,0.0,0.0
492.0,1e-06,1e-06,1e-06,1e-06,1e-07,1e-06,1e-06,1e-06,1e-06,1e-06,1e-06,1e-06,1e-06,0.000649013067899,1.66666666667e+99,0.0,0.0,0.0,1.66666666667e+99,0.0,0.0,0.0,0.0,0.0,0.0,0.0
493.0,1e-06,1e-06,1e-06,1e-06,1e-07,1e-06,1e-06,1e-06,1e-06,1e-06,1e-06,1e-06,1e-06,0.000648357640817,1.66666666667e+99,0.0,0.0,0.0,1.66666666667e+99,0.0,0.0,0.0,0.0,0.0,0.0,0.0
494.0,1e-06,1e-06,1e-06,1e-06,1e-07,1e-06,1e-06,1e-06,1e-06,1e-06,1e-06,1e-06,1e-06,0.00064770248149,1.66666666667e+99,0.0,0.0,0.0,1.66666666667e+99,0.0,0.0,0.0,0.0,0.0,0.0,0.0
495.0,1e-06,1e-06,1e-06,1e-06,1e-07,1e-06,1e-06,1e-06,1e-06,1e-06,1e-06,1e-06,1e-06,0.000647047590131,1.66666666667e+99,0.0,0.0,0.0,1.66666666667e+99,0.0,0.0,0.0,0.0,0.0,0.0,0.0
496.0,1e-06,1e-06,1e-06,1e-06,1e-07,1e-06,1e-06,1e-06,1e-06,1e-06,1e-06,1e-06,1e-06,0.000646392966953,1.66666666667e+99,0.0,0.0,0.0,1.66666666667e+99,0.0,0.0,0.0,0.0,0.0,0.0,0.0
497.0,1e-06,1e-06,1e-06,1e-06,1e-07,1e-06,1e-06,1e-06,1e-06,1e-06,1e-06,1e-06,1e-06,0.00064573861217,1.66666666667e+99,0.0,0.0,0.0,1.66666666667e+99,0.0,0.0,0.0,0.0,0.0,0.0,0.0
498.0,1e-06,1e-06,1e-06,1e-06,1e-07,1e-06,1e-06,1e-06,1e-06,1e-06,1e-06,1e-06,1e-06,0.000645084525996,1.66666666667e+99,0.0,0.0,0.0,1.66666666667e+99,0.0,0.0,0.0,0.0,0.0,0.0,0.0
499.0,1e-06,1e-06,1e-06,1e-06,1e-07,1e-06,1e-06,1e-06,1e-06,1e-06,1e-06,1e-06,1e-06,0.000644430708642,1.66666666667e+99,0.0,0.0,0.0,1.66666666667e+99,0.0,0.0,0.0,0.0,0.0,0.0,0.0
500.0,1e-06,1e-06,1e-06,1e-06,1e-07,1e-06,1e-06,1e-06,1e-06,1e-06,1e-06,1e-06,1e-06,0.000643777160324,1.66666666667e+99,0.0,0.0,0.0,1.66666666667e+99,0.0,0.0,0.0,0.0,0.0,0.0,0.0
